score,level,severity,value,defanged,type,threat,sources,country,vt_detections,abuse_score,age_days,confidence,first_seen,source,reference
,,,45.88.186.125:443,45[.]88[.]186[.]125:443,ip:port,Unknown RAT,,,,,,75,2026-07-14 07:06:13 UTC,ThreatFox,https://bazaar.abuse.ch/sample/dab128d1dba2feeb8762b300bc6ba32eb976cbe33274ac29c2c0d4c4eda5e6f7/
,,,47.251.241.59:443,47[.]251[.]241[.]59:443,ip:port,Havoc,,,,,,100,2026-07-14 07:05:06 UTC,ThreatFox,
,,,158.94.211.63:8080,158[.]94[.]211[.]63:8080,ip:port,AdaptixC2,,,,,,100,2026-07-14 07:05:05 UTC,ThreatFox,
,,,45.13.238.92:443,45[.]13[.]238[.]92:443,ip:port,Unknown RAT,,,,,,75,2026-07-14 07:04:53 UTC,ThreatFox,
,,,178.128.208.65:9035,178[.]128[.]208[.]65:9035,ip:port,Aisuru,,,,,,100,2026-07-14 07:01:43 UTC,ThreatFox,
,,,213.152.162.21:11525,213[.]152[.]162[.]21:11525,ip:port,Remcos,,,,,,75,2026-07-14 07:01:04 UTC,ThreatFox,https://bazaar.abuse.ch/sample/ae1a58b73c14de3d0d4af02ac0c136a4e804ed1a911de386fa40208672611309/
,,,39.105.94.168:80,39[.]105[.]94[.]168:80,ip:port,Cobalt Strike,,,,,,100,2026-07-14 06:57:56 UTC,ThreatFox,
,,,17eqwy30.takhtenard.app,17eqwy30[.]takhtenard[.]app,domain,ClearFake,,,,,,100,2026-07-14 06:55:12 UTC,ThreatFox,
,,,takhtenard.app,takhtenard[.]app,domain,ClearFake,,,,,,100,2026-07-14 06:54:36 UTC,ThreatFox,
,,,206.189.146.157:34567,206[.]189[.]146[.]157:34567,ip:port,Aisuru,,,,,,100,2026-07-14 06:38:48 UTC,ThreatFox,
,,,cwkw.site-shartbandi-bedun-filter.com,cwkw[.]site-shartbandi-bedun-filter[.]com,domain,ClearFake,,,,,,100,2026-07-14 06:24:56 UTC,ThreatFox,
,,,dddododiiik.com,dddododiiik[.]com,domain,Unknown Loader,,,,,,100,2026-07-14 06:22:42 UTC,ThreatFox,
,,,extranet-partners-report.com,extranet-partners-report[.]com,domain,Unknown Loader,,,,,,100,2026-07-14 06:22:42 UTC,ThreatFox,
,,,imagesafedown.info,imagesafedown[.]info,domain,Unknown Loader,,,,,,100,2026-07-14 06:22:42 UTC,ThreatFox,
,,,mentopo.info,mentopo[.]info,domain,Unknown Loader,,,,,,100,2026-07-14 06:22:42 UTC,ThreatFox,
,,,ghyrtamr.plinko-1xbet.games,ghyrtamr[.]plinko-1xbet[.]games,domain,ClearFake,,,,,,100,2026-07-14 06:19:57 UTC,ThreatFox,
,,,bfpi.site-shartbandi-bedun-filter.com,bfpi[.]site-shartbandi-bedun-filter[.]com,domain,ClearFake,,,,,,100,2026-07-14 06:19:52 UTC,ThreatFox,
,,,tdzfnvda.plinko-1xbet.games,tdzfnvda[.]plinko-1xbet[.]games,domain,ClearFake,,,,,,100,2026-07-14 06:15:02 UTC,ThreatFox,
,,,yliw.site-asli-bedon-filter-1xbet.com,yliw[.]site-asli-bedon-filter-1xbet[.]com,domain,ClearFake,,,,,,100,2026-07-14 06:14:45 UTC,ThreatFox,
,,,94.154.32.144:1912,94[.]154[.]32[.]144:1912,ip:port,RedLine Stealer,,,,,,100,2026-07-14 06:10:07 UTC,ThreatFox,
,,,13.53.169.83:8808,13[.]53[.]169[.]83:8808,ip:port,AsyncRAT,,,,,,100,2026-07-14 06:05:05 UTC,ThreatFox,
,,,154.88.97.49:8885,154[.]88[.]97[.]49:8885,ip:port,VShell,,,,,,100,2026-07-14 06:05:04 UTC,ThreatFox,
,,,ucpwcpfl.jadoou.lat,ucpwcpfl[.]jadoou[.]lat,domain,ClearFake,,,,,,100,2026-07-14 05:54:22 UTC,ThreatFox,
,,,eonjaoyi.jadoou.lat,eonjaoyi[.]jadoou[.]lat,domain,ClearFake,,,,,,100,2026-07-14 05:53:44 UTC,ThreatFox,
,,,edge.kernelmonitor.cc,edge[.]kernelmonitor[.]cc,domain,ACR Stealer,,,,,,100,2026-07-14 05:33:38 UTC,ThreatFox,https://bazaar.abuse.ch/sample/093fc9123303ffdcd62b53d3e091bc2b0e7f2a205227825294b4f247c33f8de5/
,,,https://schuctz.click/e187jn2e.js,hxxps://schuctz[.]click/e187jn2e[.]js,url,KongTuke,,,,,,100,2026-07-14 05:30:32 UTC,ThreatFox,
,,,https://irahook.com/babayla/zor/yarisirlar/,hxxps://irahook[.]com/babayla/zor/yarisirlar/,url,Unknown RAT,,,,,,100,2026-07-14 05:30:30 UTC,ThreatFox,
,,,https://irahook.com/?p=,hxxps://irahook[.]com/?p=,url,Unknown RAT,,,,,,100,2026-07-14 05:30:30 UTC,ThreatFox,
,,,http://44.223.110.247:1337/get/config,hxxp://44[.]223[.]110[.]247:1337/get/config,url,Unknown RAT,,,,,,100,2026-07-14 05:30:29 UTC,ThreatFox,
,,,http://44.223.110.247:1337/mods/api/log-download,hxxp://44[.]223[.]110[.]247:1337/mods/api/log-download,url,Unknown RAT,,,,,,100,2026-07-14 05:30:29 UTC,ThreatFox,
,,,http://44.223.110.247:1337/babayla/zor/yarisirlar/,hxxp://44[.]223[.]110[.]247:1337/babayla/zor/yarisirlar/,url,Unknown RAT,,,,,,100,2026-07-14 05:30:27 UTC,ThreatFox,
,,,http://44.223.110.247:1337/?p=,hxxp://44[.]223[.]110[.]247:1337/?p=,url,Unknown RAT,,,,,,100,2026-07-14 05:30:27 UTC,ThreatFox,
,,,https://schuctz.click/h5gqnaud.js,hxxps://schuctz[.]click/h5gqnaud[.]js,url,KongTuke,,,,,,100,2026-07-14 05:30:27 UTC,ThreatFox,
,,,https://schuctz.click/xyzqcsdc.js,hxxps://schuctz[.]click/xyzqcsdc[.]js,url,KongTuke,,,,,,100,2026-07-14 05:30:26 UTC,ThreatFox,
,,,https://schuctz.click/kkikc54m.js,hxxps://schuctz[.]click/kkikc54m[.]js,url,KongTuke,,,,,,100,2026-07-14 05:30:26 UTC,ThreatFox,
,,,188.166.146.39:5555,188[.]166[.]146[.]39:5555,ip:port,Aisuru,,,,,,100,2026-07-14 05:30:25 UTC,ThreatFox,
,,,https://schuctz.click/2xfae91q.js,hxxps://schuctz[.]click/2xfae91q[.]js,url,KongTuke,,,,,,100,2026-07-14 05:30:25 UTC,ThreatFox,
,,,dscf.radioshartbandi.bet,dscf[.]radioshartbandi[.]bet,domain,ClearFake,,,,,,100,2026-07-14 05:23:19 UTC,ThreatFox,
,,,yaxy.radioshartbandi.bet,yaxy[.]radioshartbandi[.]bet,domain,ClearFake,,,,,,100,2026-07-14 05:20:35 UTC,ThreatFox,
,,,158.94.211.63:443,158[.]94[.]211[.]63:443,ip:port,AdaptixC2,,,,,,100,2026-07-14 05:05:06 UTC,ThreatFox,
,,,154.88.97.48:8885,154[.]88[.]97[.]48:8885,ip:port,VShell,,,,,,100,2026-07-14 05:05:05 UTC,ThreatFox,
,,,154.88.96.50:8885,154[.]88[.]96[.]50:8885,ip:port,VShell,,,,,,100,2026-07-14 05:05:05 UTC,ThreatFox,
,,,ewdllypo.betropol.bet,ewdllypo[.]betropol[.]bet,domain,ClearFake,,,,,,100,2026-07-14 05:00:58 UTC,ThreatFox,
,,,bjf54ffm.behtarin-site-shartbandi.com,bjf54ffm[.]behtarin-site-shartbandi[.]com,domain,ClearFake,,,,,,100,2026-07-14 04:56:09 UTC,ThreatFox,
,,,hbh9htqr.behtarin-site-shartbandi.com,hbh9htqr[.]behtarin-site-shartbandi[.]com,domain,ClearFake,,,,,,100,2026-07-14 04:54:29 UTC,ThreatFox,
,,,wcwe.onjabet1.com,wcwe[.]onjabet1[.]com,domain,ClearFake,,,,,,100,2026-07-14 04:33:55 UTC,ThreatFox,
,,,87.120.104.81:80,87[.]120[.]104[.]81:80,ip:port,Stealc,,,,,,100,2026-07-14 04:05:08 UTC,ThreatFox,
,,,154.88.97.61:8885,154[.]88[.]97[.]61:8885,ip:port,VShell,,,,,,100,2026-07-14 04:05:07 UTC,ThreatFox,
,,,154.88.97.57:8885,154[.]88[.]97[.]57:8885,ip:port,VShell,,,,,,100,2026-07-14 04:05:06 UTC,ThreatFox,
,,,154.88.96.37:8885,154[.]88[.]96[.]37:8885,ip:port,VShell,,,,,,100,2026-07-14 04:05:05 UTC,ThreatFox,
,,,154.88.97.33:8885,154[.]88[.]97[.]33:8885,ip:port,VShell,,,,,,100,2026-07-14 04:05:05 UTC,ThreatFox,
,,,euspwbzy.bet90forward.win,euspwbzy[.]bet90forward[.]win,domain,ClearFake,,,,,,100,2026-07-14 04:03:51 UTC,ThreatFox,
,,,eekeltps.bet90forward.win,eekeltps[.]bet90forward[.]win,domain,ClearFake,,,,,,100,2026-07-14 04:02:32 UTC,ThreatFox,
,,,jz8kpepi.jadoou.store,jz8kpepi[.]jadoou[.]store,domain,ClearFake,,,,,,100,2026-07-14 03:53:13 UTC,ThreatFox,
,,,mpdmwhr9.jadoobet.forum,mpdmwhr9[.]jadoobet[.]forum,domain,ClearFake,,,,,,100,2026-07-14 03:53:07 UTC,ThreatFox,
,,,brfavfmp.bet90forward.win,brfavfmp[.]bet90forward[.]win,domain,ClearFake,,,,,,100,2026-07-14 03:48:22 UTC,ThreatFox,
,,,bshttocg.bet90forward.win,bshttocg[.]bet90forward[.]win,domain,ClearFake,,,,,,100,2026-07-14 03:47:52 UTC,ThreatFox,
,,,iowx.onjabet1.com,iowx[.]onjabet1[.]com,domain,ClearFake,,,,,,100,2026-07-14 03:47:35 UTC,ThreatFox,
,,,ezbj.onjabet1.com,ezbj[.]onjabet1[.]com,domain,ClearFake,,,,,,100,2026-07-14 03:45:43 UTC,ThreatFox,
,,,crehmoqz.bekabet.casino,crehmoqz[.]bekabet[.]casino,domain,ClearFake,,,,,,100,2026-07-14 03:30:16 UTC,ThreatFox,
,,,fukyfket.bekabet.casino,fukyfket[.]bekabet[.]casino,domain,ClearFake,,,,,,100,2026-07-14 03:28:31 UTC,ThreatFox,
,,,154.88.97.50:8885,154[.]88[.]97[.]50:8885,ip:port,VShell,,,,,,100,2026-07-14 03:05:06 UTC,ThreatFox,
,,,154.88.96.43:8885,154[.]88[.]96[.]43:8885,ip:port,VShell,,,,,,100,2026-07-14 03:05:06 UTC,ThreatFox,
,,,154.88.97.53:8885,154[.]88[.]97[.]53:8885,ip:port,VShell,,,,,,100,2026-07-14 03:05:05 UTC,ThreatFox,
,,,154.88.96.33:8885,154[.]88[.]96[.]33:8885,ip:port,VShell,,,,,,100,2026-07-14 03:05:05 UTC,ThreatFox,
,,,45.197.36.34:8885,45[.]197[.]36[.]34:8885,ip:port,VShell,,,,,,100,2026-07-14 03:05:05 UTC,ThreatFox,
,,,s645gfw3.bahsegel90.com,s645gfw3[.]bahsegel90[.]com,domain,ClearFake,,,,,,100,2026-07-14 02:54:22 UTC,ThreatFox,
,,,nqzp.jadoou.mom,nqzp[.]jadoou[.]mom,domain,ClearFake,,,,,,100,2026-07-14 02:46:24 UTC,ThreatFox,
,,,pishro.bio,pishro[.]bio,domain,ClearFake,,,,,,100,2026-07-14 02:32:58 UTC,ThreatFox,
,,,https://freememusic.com/,hxxps://freememusic[.]com/,url,Vidar,,,,,,75,2026-07-14 02:15:02 UTC,ThreatFox,
,,,154.88.97.39:8885,154[.]88[.]97[.]39:8885,ip:port,VShell,,,,,,100,2026-07-14 02:05:07 UTC,ThreatFox,
,,,154.88.96.55:8885,154[.]88[.]96[.]55:8885,ip:port,VShell,,,,,,100,2026-07-14 02:05:06 UTC,ThreatFox,
,,,43.161.215.33:21,43[.]161[.]215[.]33:21,ip:port,VShell,,,,,,100,2026-07-14 02:05:05 UTC,ThreatFox,
,,,154.88.96.40:8885,154[.]88[.]96[.]40:8885,ip:port,VShell,,,,,,100,2026-07-14 02:05:05 UTC,ThreatFox,
,,,154.88.96.61:8885,154[.]88[.]96[.]61:8885,ip:port,VShell,,,,,,100,2026-07-14 02:05:05 UTC,ThreatFox,
,,,sqbw.jadoou.makeup,sqbw[.]jadoou[.]makeup,domain,ClearFake,,,,,,100,2026-07-14 01:49:44 UTC,ThreatFox,
,,,ydzi.jadoou.makeup,ydzi[.]jadoou[.]makeup,domain,ClearFake,,,,,,100,2026-07-14 01:44:48 UTC,ThreatFox,
,,,wmgbwskd.pdfbama.com,wmgbwskd[.]pdfbama[.]com,domain,ClearFake,,,,,,100,2026-07-14 01:38:13 UTC,ThreatFox,
,,,fbecwqni.pdfbama.com,fbecwqni[.]pdfbama[.]com,domain,ClearFake,,,,,,100,2026-07-14 01:37:50 UTC,ThreatFox,
,,,154.88.96.35:8885,154[.]88[.]96[.]35:8885,ip:port,VShell,,,,,,100,2026-07-14 01:05:05 UTC,ThreatFox,
,,,154.88.96.57:8885,154[.]88[.]96[.]57:8885,ip:port,VShell,,,,,,100,2026-07-14 01:05:05 UTC,ThreatFox,
,,,hczzqwrl.pinbahis-bedon-filter.com,hczzqwrl[.]pinbahis-bedon-filter[.]com,domain,ClearFake,,,,,,100,2026-07-14 00:54:05 UTC,ThreatFox,
,,,mkneg2lo.pinbahis-bedon-filter.com,mkneg2lo[.]pinbahis-bedon-filter[.]com,domain,ClearFake,,,,,,100,2026-07-14 00:53:48 UTC,ThreatFox,
,,,pinbahis-bedon-filter.com,pinbahis-bedon-filter[.]com,domain,ClearFake,,,,,,100,2026-07-14 00:53:41 UTC,ThreatFox,
,,,wjek.jadoou.lol,wjek[.]jadoou[.]lol,domain,ClearFake,,,,,,100,2026-07-14 00:45:43 UTC,ThreatFox,
,,,epal.jadoou.lol,epal[.]jadoou[.]lol,domain,ClearFake,,,,,,100,2026-07-14 00:44:10 UTC,ThreatFox,
,,,marjdl.pro,marjdl[.]pro,domain,ClearFake,,,,,,90,2026-07-14 00:16:48 UTC,ThreatFox,
,,,47.94.13.0:8080,47[.]94[.]13[.]0:8080,ip:port,Unknown malware,,,,,,100,2026-07-14 00:05:06 UTC,ThreatFox,
,,,47.94.13.0:80,47[.]94[.]13[.]0:80,ip:port,Unknown malware,,,,,,100,2026-07-14 00:05:05 UTC,ThreatFox,
,,,47.94.13.0:443,47[.]94[.]13[.]0:443,ip:port,Unknown malware,,,,,,100,2026-07-14 00:05:04 UTC,ThreatFox,
,,,cvjd.fileboroo.com,cvjd[.]fileboroo[.]com,domain,ClearFake,,,,,,100,2026-07-13 23:45:15 UTC,ThreatFox,
,,,vbtl.fileboroo.com,vbtl[.]fileboroo[.]com,domain,ClearFake,,,,,,100,2026-07-13 23:43:40 UTC,ThreatFox,
,,,hqmcfjqy.madgal.life,hqmcfjqy[.]madgal[.]life,domain,ClearFake,,,,,,100,2026-07-13 23:20:28 UTC,ThreatFox,
,,,178.80.40.237:1177,178[.]80[.]40[.]237:1177,ip:port,NjRAT,,,,,,100,2026-07-13 23:20:03 UTC,ThreatFox,
,,,ukoyzikh.madgal.life,ukoyzikh[.]madgal[.]life,domain,ClearFake,,,,,,100,2026-07-13 23:18:27 UTC,ThreatFox,
,,,38.14.212.71:8888,38[.]14[.]212[.]71:8888,ip:port,VShell,,,,,,100,2026-07-13 23:05:05 UTC,ThreatFox,
,,,154.88.96.59:8885,154[.]88[.]96[.]59:8885,ip:port,VShell,,,,,,100,2026-07-13 23:05:05 UTC,ThreatFox,
,,,13.53.169.83:7000,13[.]53[.]169[.]83:7000,ip:port,AsyncRAT,,,,,,100,2026-07-13 23:05:05 UTC,ThreatFox,
,,,uwkx2xdq.zaribbala.bet,uwkx2xdq[.]zaribbala[.]bet,domain,ClearFake,,,,,,100,2026-07-13 22:56:02 UTC,ThreatFox,
,,,xprba39f.jadoou.space,xprba39f[.]jadoou[.]space,domain,ClearFake,,,,,,100,2026-07-13 22:55:06 UTC,ThreatFox,
,,,znmcx4xz.zaribbala.bet,znmcx4xz[.]zaribbala[.]bet,domain,ClearFake,,,,,,100,2026-07-13 22:53:07 UTC,ThreatFox,
,,,igowjhcd.madgal.life,igowjhcd[.]madgal[.]life,domain,ClearFake,,,,,,100,2026-07-13 22:52:22 UTC,ThreatFox,
,,,xt19c0ua.casinomhub.bet,xt19c0ua[.]casinomhub[.]bet,domain,ClearFake,,,,,,100,2026-07-13 22:52:19 UTC,ThreatFox,
,,,ztusvabt.madgal.life,ztusvabt[.]madgal[.]life,domain,ClearFake,,,,,,100,2026-07-13 22:51:52 UTC,ThreatFox,
,,,vxqz.bahigo90bet.com,vxqz[.]bahigo90bet[.]com,domain,ClearFake,,,,,,100,2026-07-13 22:44:09 UTC,ThreatFox,
,,,kzho.bahigo90bet.com,kzho[.]bahigo90bet[.]com,domain,ClearFake,,,,,,100,2026-07-13 22:43:31 UTC,ThreatFox,
,,,47.113.98.42:80,47[.]113[.]98[.]42:80,ip:port,Cobalt Strike,,,,,,100,2026-07-13 22:05:06 UTC,ThreatFox,
,,,124.222.143.191:1405,124[.]222[.]143[.]191:1405,ip:port,VShell,,,,,,100,2026-07-13 22:05:05 UTC,ThreatFox,
,,,154.88.96.56:8885,154[.]88[.]96[.]56:8885,ip:port,VShell,,,,,,100,2026-07-13 22:05:05 UTC,ThreatFox,
,,,154.88.97.62:8885,154[.]88[.]97[.]62:8885,ip:port,VShell,,,,,,100,2026-07-13 22:05:05 UTC,ThreatFox,
,,,bwimlqru.jetbet.download,bwimlqru[.]jetbet[.]download,domain,ClearFake,,,,,,100,2026-07-13 21:58:43 UTC,ThreatFox,
,,,pnxturjz.jetbet.download,pnxturjz[.]jetbet[.]download,domain,ClearFake,,,,,,100,2026-07-13 21:53:29 UTC,ThreatFox,
,,,bfpu.rayeganmarket.com,bfpu[.]rayeganmarket[.]com,domain,ClearFake,,,,,,100,2026-07-13 21:44:18 UTC,ThreatFox,
,,,ciry.rayeganmarket.com,ciry[.]rayeganmarket[.]com,domain,ClearFake,,,,,,100,2026-07-13 21:42:55 UTC,ThreatFox,
,,,217.60.195.194:29710,217[.]60[.]195[.]194:29710,ip:port,Remcos,,,,,,75,2026-07-13 21:35:45 UTC,ThreatFox,https://bazaar.abuse.ch/sample/41f04280d3247586155c62404609431b378f99bd7c7aff4e711e15330ee978c9/
,,,telemetry.incidentcenter.cc,telemetry[.]incidentcenter[.]cc,domain,ACR Stealer,,,,,,100,2026-07-13 21:23:08 UTC,ThreatFox,https://bazaar.abuse.ch/sample/b50f2a725bec5a139e3bebe5d823af0c25d0a7335adab21b53743c2afdc0b6cb/
,,,cloudgateway.cc,cloudgateway[.]cc,domain,ACR Stealer,,,,,,100,2026-07-13 21:22:43 UTC,ThreatFox,https://bazaar.abuse.ch/sample/24636cfe302fe7c74efa9e78f343e1fdd984468117ebf2df80a141ef7a635fb8/
,,,releases.cloudgateway.cc,releases[.]cloudgateway[.]cc,domain,ACR Stealer,,,,,,100,2026-07-13 21:22:43 UTC,ThreatFox,https://bazaar.abuse.ch/sample/24636cfe302fe7c74efa9e78f343e1fdd984468117ebf2df80a141ef7a635fb8/
,,,sermver.duckdns.org,sermver[.]duckdns[.]org,domain,Remcos,,,,,,100,2026-07-13 21:15:58 UTC,ThreatFox,https://bazaar.abuse.ch/sample/681def091d48f5ae99867f186a5474474e3e67e49e0ca9360fb7e2aa1b929abc/
,,,godpleaseblessmyworkiwanttogive.duckdns.org,godpleaseblessmyworkiwanttogive[.]duckdns[.]org,domain,Remcos,,,,,,100,2026-07-13 21:15:14 UTC,ThreatFox,https://bazaar.abuse.ch/sample/37427ee8f03636381fe41c2549b9552b52a188540cc56c859c59bcfc63f2a9b1/
,,,odoba.duckdns.org,odoba[.]duckdns[.]org,domain,Remcos,,,,,,100,2026-07-13 21:14:22 UTC,ThreatFox,
,,,https://schuctz.click/dfhnn6yy.js,hxxps://schuctz[.]click/dfhnn6yy[.]js,url,KongTuke,,,,,,100,2026-07-13 21:11:57 UTC,ThreatFox,
,,,ftp.maytestlasb.com,ftp[.]maytestlasb[.]com,domain,Agent Tesla,,,,,,100,2026-07-13 21:11:46 UTC,ThreatFox,https://bazaar.abuse.ch/sample/cab102a77fbb862f897f739bec603105ed8f49345410ff56da8b51333dd6c2fa/
,,,178.16.52.93:80,178[.]16[.]52[.]93:80,ip:port,Stealc,,,,,,75,2026-07-13 21:09:07 UTC,ThreatFox,https://bazaar.abuse.ch/sample/de561c4a3b59f0351d866721a5a204bb9c1396f5a2b4d9140f7385b0c2ea102d/
,,,155.103.71.115:15680,155[.]103[.]71[.]115:15680,ip:port,Remcos,,,,,,75,2026-07-13 21:05:54 UTC,ThreatFox,https://bazaar.abuse.ch/sample/48dbf74443280fa3f68e0cb00c2c482f5692428b56c95f44ee0246aab27e3cd6/
,,,155.103.71.115:15670,155[.]103[.]71[.]115:15670,ip:port,Remcos,,,,,,75,2026-07-13 21:05:53 UTC,ThreatFox,https://bazaar.abuse.ch/sample/48dbf74443280fa3f68e0cb00c2c482f5692428b56c95f44ee0246aab27e3cd6/
,,,154.88.97.46:8885,154[.]88[.]97[.]46:8885,ip:port,VShell,,,,,,100,2026-07-13 21:05:04 UTC,ThreatFox,
,,,47.113.98.42:443,47[.]113[.]98[.]42:443,ip:port,Cobalt Strike,,,,,,100,2026-07-13 21:05:04 UTC,ThreatFox,
,,,lgmkszyl.site-shartbandi-farsi.com,lgmkszyl[.]site-shartbandi-farsi[.]com,domain,ClearFake,,,,,,100,2026-07-13 20:59:57 UTC,ThreatFox,
,,,ljlmzirx.site-shartbandi-farsi.com,ljlmzirx[.]site-shartbandi-farsi[.]com,domain,ClearFake,,,,,,100,2026-07-13 20:57:56 UTC,ThreatFox,
,,,qnu58lbv.varzeshlife.ir,qnu58lbv[.]varzeshlife[.]ir,domain,ClearFake,,,,,,100,2026-07-13 20:54:21 UTC,ThreatFox,
,,,ryodr8kw.varzeshlife.ir,ryodr8kw[.]varzeshlife[.]ir,domain,ClearFake,,,,,,100,2026-07-13 20:52:44 UTC,ThreatFox,
,,,cacophonydiaphanous-acquiesce.xyz,cacophonydiaphanous-acquiesce[.]xyz,domain,Unknown Loader,,,,,,100,2026-07-13 20:50:02 UTC,ThreatFox,https://app.any.run/tasks/8b0588b9-b8f3-4341-b7cd-353877f732e3
,,,digitalenterprise2026.com,digitalenterprise2026[.]com,domain,Unknown RAT,,,,,,100,2026-07-13 20:50:02 UTC,ThreatFox,https://app.any.run/tasks/9cb4c7eb-84ad-4634-ab28-5d452eeabcdb
,,,iwannagetmoremoney.beer,iwannagetmoremoney[.]beer,domain,HijackLoader,,,,,,100,2026-07-13 20:50:01 UTC,ThreatFox,https://app.any.run/tasks/0534bef5-b653-47b6-93cd-29010b9687d2
,,,slippingpit61353.icu,slippingpit61353[.]icu,domain,HijackLoader,,,,,,100,2026-07-13 20:50:00 UTC,ThreatFox,https://app.any.run/tasks/0534bef5-b653-47b6-93cd-29010b9687d2
,,,91.92.240.254:3333,91[.]92[.]240[.]254:3333,ip:port,SnappyClient,,,,,,100,2026-07-13 20:49:59 UTC,ThreatFox,https://app.any.run/tasks/0534bef5-b653-47b6-93cd-29010b9687d2
,,,91.92.240.254:443,91[.]92[.]240[.]254:443,ip:port,SnappyClient,,,,,,100,2026-07-13 20:49:59 UTC,ThreatFox,https://app.any.run/tasks/0534bef5-b653-47b6-93cd-29010b9687d2
,,,206.189.17.74:12345,206[.]189[.]17[.]74:12345,ip:port,Aisuru,,,,,,100,2026-07-13 20:49:59 UTC,ThreatFox,
,,,0id1.xyz,0id1[.]xyz,domain,Unknown malware,,,,,,80,2026-07-13 20:49:58 UTC,ThreatFox,
,,,0id2.xyz,0id2[.]xyz,domain,Unknown malware,,,,,,80,2026-07-13 20:49:57 UTC,ThreatFox,
,,,0id3.xyz,0id3[.]xyz,domain,Unknown malware,,,,,,80,2026-07-13 20:49:57 UTC,ThreatFox,
,,,0id5.xyz,0id5[.]xyz,domain,Unknown malware,,,,,,80,2026-07-13 20:49:56 UTC,ThreatFox,
,,,0id4.xyz,0id4[.]xyz,domain,Unknown malware,,,,,,80,2026-07-13 20:49:55 UTC,ThreatFox,
,,,0id6.xyz,0id6[.]xyz,domain,Unknown malware,,,,,,80,2026-07-13 20:49:55 UTC,ThreatFox,
,,,0id7.xyz,0id7[.]xyz,domain,Unknown malware,,,,,,80,2026-07-13 20:49:54 UTC,ThreatFox,
,,,0id8.xyz,0id8[.]xyz,domain,Unknown malware,,,,,,80,2026-07-13 20:49:54 UTC,ThreatFox,
,,,0id9.xyz,0id9[.]xyz,domain,Unknown malware,,,,,,80,2026-07-13 20:49:54 UTC,ThreatFox,
,,,authid1.xyz,authid1[.]xyz,domain,Unknown malware,,,,,,80,2026-07-13 20:49:53 UTC,ThreatFox,
,,,authid2.xyz,authid2[.]xyz,domain,Unknown malware,,,,,,80,2026-07-13 20:49:53 UTC,ThreatFox,
,,,authid3.xyz,authid3[.]xyz,domain,Unknown malware,,,,,,80,2026-07-13 20:49:52 UTC,ThreatFox,
,,,authid4.xyz,authid4[.]xyz,domain,Unknown malware,,,,,,80,2026-07-13 20:49:52 UTC,ThreatFox,
,,,authid5.xyz,authid5[.]xyz,domain,Unknown malware,,,,,,80,2026-07-13 20:49:52 UTC,ThreatFox,
,,,authid6.xyz,authid6[.]xyz,domain,Unknown malware,,,,,,80,2026-07-13 20:49:51 UTC,ThreatFox,
,,,authid7.xyz,authid7[.]xyz,domain,Unknown malware,,,,,,80,2026-07-13 20:49:51 UTC,ThreatFox,
,,,193.181.46.146:4444,193[.]181[.]46[.]146:4444,ip:port,Unknown malware,,,,,,80,2026-07-13 20:49:50 UTC,ThreatFox,
,,,193.104.222.134:443,193[.]104[.]222[.]134:443,ip:port,Unknown malware,,,,,,80,2026-07-13 20:49:50 UTC,ThreatFox,
,,,http://159.65.201.180/verify/request.vbs,hxxp://159[.]65[.]201[.]180/verify/request[.]vbs,url,Unknown malware,,,,,,90,2026-07-13 20:49:50 UTC,ThreatFox,
,,,http://159.65.201.180/hGkBCsBr/Full%20AES.pyw,hxxp://159[.]65[.]201[.]180/hGkBCsBr/Full%20AES[.]pyw,url,Unknown malware,,,,,,90,2026-07-13 20:49:48 UTC,ThreatFox,
,,,206.189.146.157:12345,206[.]189[.]146[.]157:12345,ip:port,Aisuru,,,,,,100,2026-07-13 20:49:47 UTC,ThreatFox,
,,,lb-rnypyjwi-rzm2gb9ys7wtc4u0.clb.sg-tencentclb.net,lb-rnypyjwi-rzm2gb9ys7wtc4u0[.]clb[.]sg-tencentclb[.]net,domain,Unknown malware,,,,,,90,2026-07-13 20:49:47 UTC,ThreatFox,
,,,lb-ndrq4ayq-1h7mf9psqdkb65lv.clb.sg-tencentclb.net,lb-ndrq4ayq-1h7mf9psqdkb65lv[.]clb[.]sg-tencentclb[.]net,domain,Unknown malware,,,,,,90,2026-07-13 20:49:46 UTC,ThreatFox,
,,,c.gbwhat.pro,c[.]gbwhat[.]pro,domain,Unknown malware,,,,,,90,2026-07-13 20:49:46 UTC,ThreatFox,
,,,h5.gbwhatsapp.download,h5[.]gbwhatsapp[.]download,domain,Unknown malware,,,,,,90,2026-07-13 20:49:46 UTC,ThreatFox,
,,,gbwaapps.org,gbwaapps[.]org,domain,Unknown malware,,,,,,90,2026-07-13 20:49:45 UTC,ThreatFox,
,,,gb-dwnplus.org,gb-dwnplus[.]org,domain,Unknown malware,,,,,,90,2026-07-13 20:49:44 UTC,ThreatFox,
,,,gbw.cmpc.fun,gbw[.]cmpc[.]fun,domain,Unknown malware,,,,,,90,2026-07-13 20:49:44 UTC,ThreatFox,
,,,ug.gbwhat.pro,ug[.]gbwhat[.]pro,domain,Unknown malware,,,,,,90,2026-07-13 20:49:43 UTC,ThreatFox,
,,,ug.whatsplus.online,ug[.]whatsplus[.]online,domain,Unknown malware,,,,,,90,2026-07-13 20:49:43 UTC,ThreatFox,
,,,ug.obwhatsappdownload.com,ug[.]obwhatsappdownload[.]com,domain,Unknown malware,,,,,,90,2026-07-13 20:49:42 UTC,ThreatFox,
,,,gbappze.com,gbappze[.]com,domain,Unknown malware,,,,,,90,2026-07-13 20:49:42 UTC,ThreatFox,
,,,app.gbwhat.pro,app[.]gbwhat[.]pro,domain,Unknown malware,,,,,,90,2026-07-13 20:49:41 UTC,ThreatFox,
,,,app.whatsplus.online,app[.]whatsplus[.]online,domain,Unknown malware,,,,,,90,2026-07-13 20:49:41 UTC,ThreatFox,
,,,static.cdns.space,static[.]cdns[.]space,domain,Unknown malware,,,,,,90,2026-07-13 20:49:40 UTC,ThreatFox,
,,,origin-apk.gbwhat.pro,origin-apk[.]gbwhat[.]pro,domain,Unknown malware,,,,,,90,2026-07-13 20:49:40 UTC,ThreatFox,
,,,apk.obwhatsappdownload.com,apk[.]obwhatsappdownload[.]com,domain,Unknown malware,,,,,,90,2026-07-13 20:49:39 UTC,ThreatFox,
,,,apk.whatsplusdownload.com,apk[.]whatsplusdownload[.]com,domain,Unknown malware,,,,,,90,2026-07-13 20:49:38 UTC,ThreatFox,
,,,origin-apk.obwhatsappdownload.com,origin-apk[.]obwhatsappdownload[.]com,domain,Unknown malware,,,,,,90,2026-07-13 20:49:37 UTC,ThreatFox,
,,,origin-ug.whatsplus.online,origin-ug[.]whatsplus[.]online,domain,Unknown malware,,,,,,90,2026-07-13 20:49:37 UTC,ThreatFox,
,,,origin-www.whatsplus.online,origin-www[.]whatsplus[.]online,domain,Unknown malware,,,,,,90,2026-07-13 20:49:36 UTC,ThreatFox,
,,,https://moonlitprovince.top/router/verify-build,hxxps://moonlitprovince[.]top/router/verify-build,url,SmartApeSG,,,,,,100,2026-07-13 20:49:36 UTC,ThreatFox,https://infosec.exchange/@monitorsg/116914478797091715
,,,https://moonlitprovince.top/router/handler-asset.js,hxxps://moonlitprovince[.]top/router/handler-asset[.]js,url,SmartApeSG,,,,,,100,2026-07-13 20:49:35 UTC,ThreatFox,https://infosec.exchange/@monitorsg/116914478797091715
,,,moonlitprovince.top,moonlitprovince[.]top,domain,SmartApeSG,,,,,,100,2026-07-13 20:49:34 UTC,ThreatFox,https://infosec.exchange/@monitorsg/116914478797091715
,,,twimg.media,twimg[.]media,domain,Unknown malware,,,,,,85,2026-07-13 20:49:33 UTC,ThreatFox,
,,,hxea.psikologer.com,hxea[.]psikologer[.]com,domain,ClearFake,,,,,,100,2026-07-13 20:43:39 UTC,ThreatFox,
,,,xhqt.psikologer.com,xhqt[.]psikologer[.]com,domain,ClearFake,,,,,,100,2026-07-13 20:42:25 UTC,ThreatFox,
,,,psikologer.com,psikologer[.]com,domain,ClearFake,,,,,,100,2026-07-13 20:42:17 UTC,ThreatFox,
,,,154.88.97.60:8885,154[.]88[.]97[.]60:8885,ip:port,VShell,,,,,,100,2026-07-13 20:05:09 UTC,ThreatFox,
,,,154.88.97.42:8885,154[.]88[.]97[.]42:8885,ip:port,VShell,,,,,,100,2026-07-13 20:05:07 UTC,ThreatFox,
,,,154.88.101.50:8885,154[.]88[.]101[.]50:8885,ip:port,VShell,,,,,,100,2026-07-13 20:05:07 UTC,ThreatFox,
,,,154.88.96.41:8885,154[.]88[.]96[.]41:8885,ip:port,VShell,,,,,,100,2026-07-13 20:05:06 UTC,ThreatFox,
,,,176.53.159.46:8090,176[.]53[.]159[.]46:8090,ip:port,DCRat,,,,,,100,2026-07-13 20:05:05 UTC,ThreatFox,
,,,obsudfch.site-shartbandi-enfejar.bet,obsudfch[.]site-shartbandi-enfejar[.]bet,domain,ClearFake,,,,,,100,2026-07-13 20:03:23 UTC,ThreatFox,
,,,wbffakmr.site-shartbandi-enfejar.bet,wbffakmr[.]site-shartbandi-enfejar[.]bet,domain,ClearFake,,,,,,100,2026-07-13 20:02:43 UTC,ThreatFox,
,,,site-shartbandi-enfejar.bet,site-shartbandi-enfejar[.]bet,domain,ClearFake,,,,,,100,2026-07-13 20:02:36 UTC,ThreatFox,
,,,85.8.149.156:444,85[.]8[.]149[.]156:444,ip:port,AsyncRAT,,,,,,75,2026-07-13 19:45:28 UTC,ThreatFox,
,,,5.175.218.71:5691,5[.]175[.]218[.]71:5691,ip:port,Remcos,,,,,,75,2026-07-13 19:45:13 UTC,ThreatFox,
,,,45.59.114.202:9090,45[.]59[.]114[.]202:9090,ip:port,Evilginx,,,,,,75,2026-07-13 19:45:03 UTC,ThreatFox,
,,,37.235.54.142:53236,37[.]235[.]54[.]142:53236,ip:port,Havoc,,,,,,75,2026-07-13 19:44:54 UTC,ThreatFox,
,,,23.27.52.106:28736,23[.]27[.]52[.]106:28736,ip:port,AdaptixC2,,,,,,75,2026-07-13 19:44:48 UTC,ThreatFox,
,,,ecyz.plinko-1xbet.games,ecyz[.]plinko-1xbet[.]games,domain,ClearFake,,,,,,100,2026-07-13 19:44:48 UTC,ThreatFox,
,,,212.180.120.35:1604,212[.]180[.]120[.]35:1604,ip:port,AsyncRAT,,,,,,75,2026-07-13 19:44:18 UTC,ThreatFox,
,,,204.44.69.214:14641,204[.]44[.]69[.]214:14641,ip:port,Remcos,,,,,,75,2026-07-13 19:44:13 UTC,ThreatFox,
,,,192.255.195.147:14641,192[.]255[.]195[.]147:14641,ip:port,Remcos,,,,,,75,2026-07-13 19:44:03 UTC,ThreatFox,
,,,192.255.195.147:14644,192[.]255[.]195[.]147:14644,ip:port,Remcos,,,,,,75,2026-07-13 19:44:03 UTC,ThreatFox,
,,,188.209.158.161:7707,188[.]209[.]158[.]161:7707,ip:port,AsyncRAT,,,,,,75,2026-07-13 19:44:00 UTC,ThreatFox,
,,,188.209.158.161:8808,188[.]209[.]158[.]161:8808,ip:port,AsyncRAT,,,,,,75,2026-07-13 19:44:00 UTC,ThreatFox,
,,,185.212.131.27:9000,185[.]212[.]131[.]27:9000,ip:port,Evilginx,,,,,,75,2026-07-13 19:43:57 UTC,ThreatFox,
,,,172.86.119.141:443,172[.]86[.]119[.]141:443,ip:port,Havoc,,,,,,75,2026-07-13 19:43:44 UTC,ThreatFox,
,,,128.90.105.247:7998,128[.]90[.]105[.]247:7998,ip:port,DCRat,,,,,,75,2026-07-13 19:43:19 UTC,ThreatFox,
,,,113.31.102.219:21935,113[.]31[.]102[.]219:21935,ip:port,Remcos,,,,,,75,2026-07-13 19:43:17 UTC,ThreatFox,
,,,103.83.87.107:4098,103[.]83[.]87[.]107:4098,ip:port,Remcos,,,,,,75,2026-07-13 19:43:11 UTC,ThreatFox,
,,,plinko-1xbet.games,plinko-1xbet[.]games,domain,ClearFake,,,,,,100,2026-07-13 19:42:17 UTC,ThreatFox,
,,,texjqbwa.site-shartbandi-bedun-filter.com,texjqbwa[.]site-shartbandi-bedun-filter[.]com,domain,ClearFake,,,,,,100,2026-07-13 19:08:37 UTC,ThreatFox,
,,,site-shartbandi-bedun-filter.com,site-shartbandi-bedun-filter[.]com,domain,ClearFake,,,,,,100,2026-07-13 19:07:02 UTC,ThreatFox,
,,,114.132.89.132:45443,114[.]132[.]89[.]132:45443,ip:port,Cobalt Strike,,,,,,100,2026-07-13 19:05:08 UTC,ThreatFox,
,,,36.140.162.173:7777,36[.]140[.]162[.]173:7777,ip:port,Cobalt Strike,,,,,,100,2026-07-13 19:05:07 UTC,ThreatFox,
,,,196.251.121.74:2323,196[.]251[.]121[.]74:2323,ip:port,DCRat,,,,,,100,2026-07-13 19:05:06 UTC,ThreatFox,
,,,ign0g5ax.site-shartbandi-khareji.com,ign0g5ax[.]site-shartbandi-khareji[.]com,domain,ClearFake,,,,,,100,2026-07-13 18:54:11 UTC,ThreatFox,
,,,7vq4on85.site-shartbandi-khareji.com,7vq4on85[.]site-shartbandi-khareji[.]com,domain,ClearFake,,,,,,100,2026-07-13 18:52:24 UTC,ThreatFox,
,,,wjyt.betturkey.bet,wjyt[.]betturkey[.]bet,domain,ClearFake,,,,,,100,2026-07-13 18:43:04 UTC,ThreatFox,
,,,tvfe.betturkey.bet,tvfe[.]betturkey[.]bet,domain,ClearFake,,,,,,100,2026-07-13 18:41:43 UTC,ThreatFox,
,,,nswofmyl.site-shartbandi-50toman.com,nswofmyl[.]site-shartbandi-50toman[.]com,domain,ClearFake,,,,,,100,2026-07-13 18:12:57 UTC,ThreatFox,
,,,bdkiwoqn.site-shartbandi-50toman.com,bdkiwoqn[.]site-shartbandi-50toman[.]com,domain,ClearFake,,,,,,100,2026-07-13 18:11:22 UTC,ThreatFox,
,,,site-shartbandi-50toman.com,site-shartbandi-50toman[.]com,domain,ClearFake,,,,,,100,2026-07-13 18:11:20 UTC,ThreatFox,
,,,154.88.97.35:8885,154[.]88[.]97[.]35:8885,ip:port,VShell,,,,,,100,2026-07-13 18:05:04 UTC,ThreatFox,
,,,p9kos7r3.scriptyek.com,p9kos7r3[.]scriptyek[.]com,domain,ClearFake,,,,,,100,2026-07-13 17:52:05 UTC,ThreatFox,
,,,scriptyek.com,scriptyek[.]com,domain,ClearFake,,,,,,100,2026-07-13 17:50:56 UTC,ThreatFox,
,,,mellbett.com,mellbett[.]com,domain,ClearFake,,,,,,100,2026-07-13 17:50:03 UTC,ThreatFox,
,,,kzjx.betropol.bet,kzjx[.]betropol[.]bet,domain,ClearFake,,,,,,100,2026-07-13 17:43:17 UTC,ThreatFox,
,,,xymg.betropol.bet,xymg[.]betropol[.]bet,domain,ClearFake,,,,,,100,2026-07-13 17:41:11 UTC,ThreatFox,
,,,moonshadowforge.top,moonshadowforge[.]top,domain,Unknown Loader,,,,,,100,2026-07-13 17:24:45 UTC,ThreatFox,https://app.any.run/tasks/9a5e1992-edbc-408d-a24d-4f6aa1df5ac1
,,,etomskuk.site-shartbandi5000toman.com,etomskuk[.]site-shartbandi5000toman[.]com,domain,ClearFake,,,,,,100,2026-07-13 17:17:26 UTC,ThreatFox,
,,,nazvnhtd.site-shartbandi5000toman.com,nazvnhtd[.]site-shartbandi5000toman[.]com,domain,ClearFake,,,,,,100,2026-07-13 17:15:57 UTC,ThreatFox,
,,,site-shartbandi5000toman.com,site-shartbandi5000toman[.]com,domain,ClearFake,,,,,,100,2026-07-13 17:15:48 UTC,ThreatFox,
,,,172.111.169.73:57700,172[.]111[.]169[.]73:57700,ip:port,Remcos,,,,,,100,2026-07-13 17:10:05 UTC,ThreatFox,
,,,sc-crypt.digital,sc-crypt[.]digital,domain,Unknown malware,,,,,,100,2026-07-13 17:09:40 UTC,ThreatFox,https://bazaar.abuse.ch/sample/dedabf845427e3983739ceef739528d80bffd209ca1a6328892dd169385b5d4a/
,,,timecommittee.space,timecommittee[.]space,domain,Unknown Loader,,,,,,100,2026-07-13 17:07:01 UTC,ThreatFox,
,,,nexrogcapital.xyz,nexrogcapital[.]xyz,domain,Unknown RAT,,,,,,100,2026-07-13 17:05:17 UTC,ThreatFox,https://bazaar.abuse.ch/sample/6eb36447883376c1cc14129e77d8bebec87a1ac31ea069442ba76949797da3e1/
,,,154.88.96.53:8885,154[.]88[.]96[.]53:8885,ip:port,VShell,,,,,,100,2026-07-13 17:05:11 UTC,ThreatFox,
,,,154.88.99.56:8885,154[.]88[.]99[.]56:8885,ip:port,VShell,,,,,,100,2026-07-13 17:05:07 UTC,ThreatFox,
,,,154.88.96.46:8885,154[.]88[.]96[.]46:8885,ip:port,VShell,,,,,,100,2026-07-13 17:05:07 UTC,ThreatFox,
,,,154.88.97.58:8885,154[.]88[.]97[.]58:8885,ip:port,VShell,,,,,,100,2026-07-13 17:05:05 UTC,ThreatFox,
,,,154.88.97.45:8885,154[.]88[.]97[.]45:8885,ip:port,VShell,,,,,,100,2026-07-13 17:05:04 UTC,ThreatFox,
,,,3cdd0d915cb1e61ab3d3145107fa4f3ed2800402,3cdd0d915cb1e61ab3d3145107fa4f3ed2800402,sha1_hash,SalatStealer,,,,,,95,2026-07-13 16:58:33 UTC,ThreatFox,
,,,66a00a43bf3626d775015cec5bb11d8f,66a00a43bf3626d775015cec5bb11d8f,md5_hash,SalatStealer,,,,,,95,2026-07-13 16:58:33 UTC,ThreatFox,
,,,746c06f05b8e3bc93d6495a6c447c3c1874bd77011c33b0bcfe74ae27addbfaf,746c06f05b8e3bc93d6495a6c447c3c1874bd77011c33b0bcfe74ae27addbfaf,sha256_hash,Venus Stealer,,,,,,95,2026-07-13 16:58:32 UTC,ThreatFox,
,,,6ce65e50e8b91686e401e7fda41935a04503a2a6,6ce65e50e8b91686e401e7fda41935a04503a2a6,sha1_hash,Venus Stealer,,,,,,95,2026-07-13 16:58:32 UTC,ThreatFox,
,,,474de2155ee5c575d408806412c90411,474de2155ee5c575d408806412c90411,md5_hash,Venus Stealer,,,,,,95,2026-07-13 16:58:32 UTC,ThreatFox,
,,,63423364abc33ebeda68838dd5605d60b883e21f3c29b1d98c927c75c8fb25d5,63423364abc33ebeda68838dd5605d60b883e21f3c29b1d98c927c75c8fb25d5,sha256_hash,SalatStealer,,,,,,95,2026-07-13 16:58:32 UTC,ThreatFox,
,,,f36467769f8a9e79cf9342a01622cd6a099fb0104f20057c44fa8758823f1c6e,f36467769f8a9e79cf9342a01622cd6a099fb0104f20057c44fa8758823f1c6e,sha256_hash,SalatStealer,,,,,,95,2026-07-13 16:58:31 UTC,ThreatFox,
,,,3fe86ee5b3223af55f54554f37003ab8a33e9b0e,3fe86ee5b3223af55f54554f37003ab8a33e9b0e,sha1_hash,SalatStealer,,,,,,95,2026-07-13 16:58:31 UTC,ThreatFox,
,,,57cc2a7038bbd3e297c59144e2f3ed85,57cc2a7038bbd3e297c59144e2f3ed85,md5_hash,SalatStealer,,,,,,95,2026-07-13 16:58:31 UTC,ThreatFox,
,,,4049128f0308d05dcb8d24b668f69238d720199de32ba0d8304cd3c3b3bde1b9,4049128f0308d05dcb8d24b668f69238d720199de32ba0d8304cd3c3b3bde1b9,sha256_hash,Venus Stealer,,,,,,95,2026-07-13 16:58:30 UTC,ThreatFox,
,,,b35a83420c9d263788f785d5d0e0c64801521a52,b35a83420c9d263788f785d5d0e0c64801521a52,sha1_hash,Venus Stealer,,,,,,95,2026-07-13 16:58:30 UTC,ThreatFox,
,,,1b707c3c5fbb377d78c06eff79829490,1b707c3c5fbb377d78c06eff79829490,md5_hash,Venus Stealer,,,,,,95,2026-07-13 16:58:30 UTC,ThreatFox,
,,,3ecae3266e1e24200de4a94f0ecdd504219d6de741af53340f65de9c8098fa01,3ecae3266e1e24200de4a94f0ecdd504219d6de741af53340f65de9c8098fa01,sha256_hash,SalatStealer,,,,,,95,2026-07-13 16:58:29 UTC,ThreatFox,
,,,9a2f37ff8710fe00d976d49179d9b9110a2b4e04,9a2f37ff8710fe00d976d49179d9b9110a2b4e04,sha1_hash,SalatStealer,,,,,,95,2026-07-13 16:58:29 UTC,ThreatFox,
,,,fcc1104a5b4508c3f0c1c467d88941e2,fcc1104a5b4508c3f0c1c467d88941e2,md5_hash,SalatStealer,,,,,,95,2026-07-13 16:58:29 UTC,ThreatFox,
,,,879ad6297b69d8265245cc370e7c0d05,879ad6297b69d8265245cc370e7c0d05,md5_hash,Kuiper,,,,,,95,2026-07-13 16:58:28 UTC,ThreatFox,
,,,d81d3e290d3e6f3f453a0e911069c95065ad52287bf2d46d4cbd12f268a423e7,d81d3e290d3e6f3f453a0e911069c95065ad52287bf2d46d4cbd12f268a423e7,sha256_hash,SalatStealer,,,,,,95,2026-07-13 16:58:28 UTC,ThreatFox,
,,,fe3f06c245b31847c1cbddfa747c384ed355ce22,fe3f06c245b31847c1cbddfa747c384ed355ce22,sha1_hash,SalatStealer,,,,,,95,2026-07-13 16:58:28 UTC,ThreatFox,
,,,2ea79a634c56d40338763ea276e596a0,2ea79a634c56d40338763ea276e596a0,md5_hash,SalatStealer,,,,,,95,2026-07-13 16:58:28 UTC,ThreatFox,
,,,0c193f0e39efbab65b8ab5dbd6bdb7e2,0c193f0e39efbab65b8ab5dbd6bdb7e2,md5_hash,Kuiper,,,,,,95,2026-07-13 16:58:27 UTC,ThreatFox,
,,,9587e8422655a68369d7b00e521b7d1cd3b32e57b624c253526a9b0e094f33fc,9587e8422655a68369d7b00e521b7d1cd3b32e57b624c253526a9b0e094f33fc,sha256_hash,Kuiper,,,,,,95,2026-07-13 16:58:27 UTC,ThreatFox,
,,,c07235fe29987131be0d3640164d9c720094c7c0,c07235fe29987131be0d3640164d9c720094c7c0,sha1_hash,Kuiper,,,,,,95,2026-07-13 16:58:27 UTC,ThreatFox,
,,,50cf5b4eb0b43d08455a381b05f4a4d3,50cf5b4eb0b43d08455a381b05f4a4d3,md5_hash,QvoidStealer,,,,,,95,2026-07-13 16:58:26 UTC,ThreatFox,
,,,25f0b776a5fa4bbf0f0727207cdcf58b3f883d2f0e210556350d050b427e69d4,25f0b776a5fa4bbf0f0727207cdcf58b3f883d2f0e210556350d050b427e69d4,sha256_hash,Kuiper,,,,,,95,2026-07-13 16:58:26 UTC,ThreatFox,
,,,cff5e73dac39d69216ae96b95134373ff5ffc418,cff5e73dac39d69216ae96b95134373ff5ffc418,sha1_hash,Kuiper,,,,,,95,2026-07-13 16:58:26 UTC,ThreatFox,
,,,ec9416ccf51a95a73d9cbd6a54394212,ec9416ccf51a95a73d9cbd6a54394212,md5_hash,CrossRAT,,,,,,95,2026-07-13 16:58:25 UTC,ThreatFox,
,,,34ad97945a1f70cdbf8af7777a6c71c990d841840cf3c94a387f6cc83450ad4b,34ad97945a1f70cdbf8af7777a6c71c990d841840cf3c94a387f6cc83450ad4b,sha256_hash,QvoidStealer,,,,,,95,2026-07-13 16:58:25 UTC,ThreatFox,
,,,63000ff3aa0958801d3549446c7853f0d0223bcf,63000ff3aa0958801d3549446c7853f0d0223bcf,sha1_hash,QvoidStealer,,,,,,95,2026-07-13 16:58:25 UTC,ThreatFox,
,,,bc8c370a9bf67ef75534753fb0d601df,bc8c370a9bf67ef75534753fb0d601df,md5_hash,CrossRAT,,,,,,95,2026-07-13 16:58:24 UTC,ThreatFox,
,,,52bd61ba2153572260fc9b8f7eac34b613272c428e715fe6b3505f96e4eacf5d,52bd61ba2153572260fc9b8f7eac34b613272c428e715fe6b3505f96e4eacf5d,sha256_hash,CrossRAT,,,,,,95,2026-07-13 16:58:24 UTC,ThreatFox,
,,,f70b70582d3935ae4b225e7899f8e19c7983f0b7,f70b70582d3935ae4b225e7899f8e19c7983f0b7,sha1_hash,CrossRAT,,,,,,95,2026-07-13 16:58:24 UTC,ThreatFox,
,,,8043b87976309cfaf0ccff63f629b9b6,8043b87976309cfaf0ccff63f629b9b6,md5_hash,NjRAT,,,,,,95,2026-07-13 16:58:23 UTC,ThreatFox,
,,,c4fc9162227b35c631fbe623ee30fa7f660ed015915ed66c76942b1583ac3f77,c4fc9162227b35c631fbe623ee30fa7f660ed015915ed66c76942b1583ac3f77,sha256_hash,CrossRAT,,,,,,95,2026-07-13 16:58:23 UTC,ThreatFox,
,,,e315a7611e35a532955b1c4ddcf8a6c50771cf8b,e315a7611e35a532955b1c4ddcf8a6c50771cf8b,sha1_hash,CrossRAT,,,,,,95,2026-07-13 16:58:23 UTC,ThreatFox,
,,,9449a051bb8d647541dd980b998baabd,9449a051bb8d647541dd980b998baabd,md5_hash,GCleaner,,,,,,95,2026-07-13 16:58:22 UTC,ThreatFox,
,,,475774774c013c3a5d6db3ccdb025504c7151999a63097bf98476578d0533f5b,475774774c013c3a5d6db3ccdb025504c7151999a63097bf98476578d0533f5b,sha256_hash,NjRAT,,,,,,95,2026-07-13 16:58:22 UTC,ThreatFox,
,,,116e43d5451e060b48a892e46a6f83e0374bde3f,116e43d5451e060b48a892e46a6f83e0374bde3f,sha1_hash,NjRAT,,,,,,95,2026-07-13 16:58:22 UTC,ThreatFox,
,,,866428edb5f4c4900085fc9cd5f114f0,866428edb5f4c4900085fc9cd5f114f0,md5_hash,Kuiper,,,,,,95,2026-07-13 16:58:21 UTC,ThreatFox,
,,,937c16c2f853b605c2be68982a65109fcd5f2cdf704b9438cd254a38ff529b7f,937c16c2f853b605c2be68982a65109fcd5f2cdf704b9438cd254a38ff529b7f,sha256_hash,GCleaner,,,,,,95,2026-07-13 16:58:21 UTC,ThreatFox,
,,,83dd3427c1f594f93bdec864dca1a59377259012,83dd3427c1f594f93bdec864dca1a59377259012,sha1_hash,GCleaner,,,,,,95,2026-07-13 16:58:21 UTC,ThreatFox,
,,,5cbb51cf747cd514eb333f402e21866c,5cbb51cf747cd514eb333f402e21866c,md5_hash,Arkei Stealer,,,,,,95,2026-07-13 16:58:20 UTC,ThreatFox,
,,,655456dd88dbb7f8c7770dc5abd8637a4a5177c8df3edea15f51f49eee1cf325,655456dd88dbb7f8c7770dc5abd8637a4a5177c8df3edea15f51f49eee1cf325,sha256_hash,Kuiper,,,,,,95,2026-07-13 16:58:20 UTC,ThreatFox,
,,,cb822a77c0b8eac0f1a38aa488db71939c44dd39,cb822a77c0b8eac0f1a38aa488db71939c44dd39,sha1_hash,Kuiper,,,,,,95,2026-07-13 16:58:20 UTC,ThreatFox,
,,,b4875cd62a35191d2d62b541a1b4e5505b71e0ed,b4875cd62a35191d2d62b541a1b4e5505b71e0ed,sha1_hash,Agent Tesla,,,,,,95,2026-07-13 16:58:19 UTC,ThreatFox,
,,,e57a87dc9ab5bd0bf814434f9579cfff,e57a87dc9ab5bd0bf814434f9579cfff,md5_hash,Agent Tesla,,,,,,95,2026-07-13 16:58:19 UTC,ThreatFox,
,,,3b328b13d6925bb86cfa46b58586530dd14e6f0f627ec92a1f14ef162d5712ec,3b328b13d6925bb86cfa46b58586530dd14e6f0f627ec92a1f14ef162d5712ec,sha256_hash,Arkei Stealer,,,,,,95,2026-07-13 16:58:19 UTC,ThreatFox,
,,,6e1561e0b51a74b01a2e0377f52ea95a38e439fb,6e1561e0b51a74b01a2e0377f52ea95a38e439fb,sha1_hash,Arkei Stealer,,,,,,95,2026-07-13 16:58:19 UTC,ThreatFox,
,,,0a6d724265d49486a917d7af4907cda2,0a6d724265d49486a917d7af4907cda2,md5_hash,Kuiper,,,,,,95,2026-07-13 16:58:18 UTC,ThreatFox,
,,,8b05e74af9b6c18b31a656b26f3458dbd1bab2527ba6830954978c66c6e219ae,8b05e74af9b6c18b31a656b26f3458dbd1bab2527ba6830954978c66c6e219ae,sha256_hash,Agent Tesla,,,,,,95,2026-07-13 16:58:18 UTC,ThreatFox,
,,,0a9429738e11acea24949b0247b31ba2,0a9429738e11acea24949b0247b31ba2,md5_hash,ValleyRAT,,,,,,95,2026-07-13 16:58:17 UTC,ThreatFox,
,,,3e8fb7acab8a93b43f25cbdb63b4186057754dcc4a07bcd91fb5ca7090ccb9e3,3e8fb7acab8a93b43f25cbdb63b4186057754dcc4a07bcd91fb5ca7090ccb9e3,sha256_hash,Kuiper,,,,,,95,2026-07-13 16:58:17 UTC,ThreatFox,
,,,ef1415db341fb693f3e5c71af5d5c14955bb95dc,ef1415db341fb693f3e5c71af5d5c14955bb95dc,sha1_hash,Kuiper,,,,,,95,2026-07-13 16:58:17 UTC,ThreatFox,
,,,57a314d4466848294bb2c2bdf87c666185574b18,57a314d4466848294bb2c2bdf87c666185574b18,sha1_hash,Formbook,,,,,,95,2026-07-13 16:58:16 UTC,ThreatFox,
,,,7f3edcd0ad17cae6ef95cc16e208eedf,7f3edcd0ad17cae6ef95cc16e208eedf,md5_hash,Formbook,,,,,,95,2026-07-13 16:58:16 UTC,ThreatFox,
,,,1c82635c29f40e971971e150ebee6f36dabdd2a156f51214f20425315abb413f,1c82635c29f40e971971e150ebee6f36dabdd2a156f51214f20425315abb413f,sha256_hash,ValleyRAT,,,,,,95,2026-07-13 16:58:16 UTC,ThreatFox,
,,,6a08b69f2d8b331b829365e91611f201898817a7,6a08b69f2d8b331b829365e91611f201898817a7,sha1_hash,ValleyRAT,,,,,,95,2026-07-13 16:58:16 UTC,ThreatFox,
,,,92a66775c2c210b5d664b45bba13551745b71d97,92a66775c2c210b5d664b45bba13551745b71d97,sha1_hash,Kuiper,,,,,,95,2026-07-13 16:58:15 UTC,ThreatFox,
,,,b1fa9db8d01240bf70550768a66b4e5b,b1fa9db8d01240bf70550768a66b4e5b,md5_hash,Kuiper,,,,,,95,2026-07-13 16:58:15 UTC,ThreatFox,
,,,7906d425e122ae7f4922dbeff8c261be021a921c5f13471a470c60c583280504,7906d425e122ae7f4922dbeff8c261be021a921c5f13471a470c60c583280504,sha256_hash,Formbook,,,,,,95,2026-07-13 16:58:15 UTC,ThreatFox,
,,,842612a287011c76730a167a6cae7786aee760e8,842612a287011c76730a167a6cae7786aee760e8,sha1_hash,ValleyRAT,,,,,,95,2026-07-13 16:58:14 UTC,ThreatFox,
,,,dd0634be42cda34fa24999471f418ad1,dd0634be42cda34fa24999471f418ad1,md5_hash,ValleyRAT,,,,,,95,2026-07-13 16:58:14 UTC,ThreatFox,
,,,6336530458fcfd312eca97cf85fb0d701b44514824a90e0da4c8107e768301e2,6336530458fcfd312eca97cf85fb0d701b44514824a90e0da4c8107e768301e2,sha256_hash,Kuiper,,,,,,95,2026-07-13 16:58:14 UTC,ThreatFox,
,,,6546aad603716ebbe02412440e8d8d8e5fd7af80f212c6fe45e50a76f093c6d1,6546aad603716ebbe02412440e8d8d8e5fd7af80f212c6fe45e50a76f093c6d1,sha256_hash,ValleyRAT,,,,,,95,2026-07-13 16:58:13 UTC,ThreatFox,
,,,0607eb8418f7f08970c5c7439dfcf2fab2d82ace,0607eb8418f7f08970c5c7439dfcf2fab2d82ace,sha1_hash,ValleyRAT,,,,,,95,2026-07-13 16:58:13 UTC,ThreatFox,
,,,cb0c6801af564392ff22f3865cd31759,cb0c6801af564392ff22f3865cd31759,md5_hash,ValleyRAT,,,,,,95,2026-07-13 16:58:13 UTC,ThreatFox,
,,,32146526cbc3e98467c0e6fbb684f489015e59bed6a4dcff756f6f82d787c5ab,32146526cbc3e98467c0e6fbb684f489015e59bed6a4dcff756f6f82d787c5ab,sha256_hash,ValleyRAT,,,,,,95,2026-07-13 16:58:13 UTC,ThreatFox,
,,,df603ed55cbf6f9d74068b956ab966a7b785eb102e1045f343d96255eb2cdc24,df603ed55cbf6f9d74068b956ab966a7b785eb102e1045f343d96255eb2cdc24,sha256_hash,Ghost RAT,,,,,,95,2026-07-13 16:58:12 UTC,ThreatFox,
,,,5f283f5a5eb22bfeb153756a81728bf5d5c6ee71,5f283f5a5eb22bfeb153756a81728bf5d5c6ee71,sha1_hash,Ghost RAT,,,,,,95,2026-07-13 16:58:12 UTC,ThreatFox,
,,,1aa9416b733743f534abea90982dcd16,1aa9416b733743f534abea90982dcd16,md5_hash,Ghost RAT,,,,,,95,2026-07-13 16:58:12 UTC,ThreatFox,
,,,d11e793159f0da3c88a9ecebb8e5df88919843a1eeaaf71117377db58224a1ae,d11e793159f0da3c88a9ecebb8e5df88919843a1eeaaf71117377db58224a1ae,sha256_hash,ValleyRAT,,,,,,95,2026-07-13 16:58:11 UTC,ThreatFox,
,,,27476d28d66e08f6f1a2b9886ca53e3fff316f76,27476d28d66e08f6f1a2b9886ca53e3fff316f76,sha1_hash,ValleyRAT,,,,,,95,2026-07-13 16:58:11 UTC,ThreatFox,
,,,b83b607adaa4e982a4dfa29c57306a0d,b83b607adaa4e982a4dfa29c57306a0d,md5_hash,ValleyRAT,,,,,,95,2026-07-13 16:58:11 UTC,ThreatFox,
,,,3b483dce1793ec320b176f90492e1731,3b483dce1793ec320b176f90492e1731,md5_hash,Cobalt Strike,,,,,,95,2026-07-13 16:58:10 UTC,ThreatFox,
,,,7a8e12bf814ad24df54b360d6f80bd5abf196b948ed3fc419631579fd14ffb88,7a8e12bf814ad24df54b360d6f80bd5abf196b948ed3fc419631579fd14ffb88,sha256_hash,Kuiper,,,,,,95,2026-07-13 16:58:10 UTC,ThreatFox,
,,,08ef6344faa6ba44127c418f11c018959f2b2ff4,08ef6344faa6ba44127c418f11c018959f2b2ff4,sha1_hash,Kuiper,,,,,,95,2026-07-13 16:58:10 UTC,ThreatFox,
,,,e19b9699ef34073da3ed7b181d063ddc,e19b9699ef34073da3ed7b181d063ddc,md5_hash,Kuiper,,,,,,95,2026-07-13 16:58:10 UTC,ThreatFox,
,,,8e389a517fa8de44ac433b2ab0610fd1,8e389a517fa8de44ac433b2ab0610fd1,md5_hash,Kuiper,,,,,,95,2026-07-13 16:58:09 UTC,ThreatFox,
,,,65a3bf90bb49d29d3970b75e5b6e16527c135e0784bc93a23b8f206e906db79f,65a3bf90bb49d29d3970b75e5b6e16527c135e0784bc93a23b8f206e906db79f,sha256_hash,Cobalt Strike,,,,,,95,2026-07-13 16:58:09 UTC,ThreatFox,
,,,c2ca3ffb1274c7c5898e84bac2e52e75d317cbb2,c2ca3ffb1274c7c5898e84bac2e52e75d317cbb2,sha1_hash,Cobalt Strike,,,,,,95,2026-07-13 16:58:09 UTC,ThreatFox,
,,,dc97d08061dcc998c1033ef07b5199a6,dc97d08061dcc998c1033ef07b5199a6,md5_hash,Stealc,,,,,,95,2026-07-13 16:58:08 UTC,ThreatFox,
,,,ae460d66dc6e46b9ee5310e9bd7e420f68a7b57c8cf25f162c18b882f37ba9aa,ae460d66dc6e46b9ee5310e9bd7e420f68a7b57c8cf25f162c18b882f37ba9aa,sha256_hash,Kuiper,,,,,,95,2026-07-13 16:58:08 UTC,ThreatFox,
,,,20e700ff615370f0573993c43fb20b8cf0d4b903,20e700ff615370f0573993c43fb20b8cf0d4b903,sha1_hash,Kuiper,,,,,,95,2026-07-13 16:58:08 UTC,ThreatFox,
,,,09abf355cbd02decf15685d6dfc47e032edd30546da64425e56721490695ffbb,09abf355cbd02decf15685d6dfc47e032edd30546da64425e56721490695ffbb,sha256_hash,Stealc,,,,,,95,2026-07-13 16:58:07 UTC,ThreatFox,
,,,361bdcf246f96e3260b22e925dbea57532e7d385,361bdcf246f96e3260b22e925dbea57532e7d385,sha1_hash,Stealc,,,,,,95,2026-07-13 16:58:07 UTC,ThreatFox,
,,,40eea8d73bc1f6356ac6d3f7083616b9,40eea8d73bc1f6356ac6d3f7083616b9,md5_hash,Kuiper,,,,,,95,2026-07-13 16:58:06 UTC,ThreatFox,
,,,0fa477cedacdea2e1782414d0568b7b5e83e86ccb827710a724448e43bbf6a09,0fa477cedacdea2e1782414d0568b7b5e83e86ccb827710a724448e43bbf6a09,sha256_hash,WannaCryptor,,,,,,95,2026-07-13 16:58:06 UTC,ThreatFox,
,,,6755f01a7afcc38ab77aff560b0c905e4dc7d7df,6755f01a7afcc38ab77aff560b0c905e4dc7d7df,sha1_hash,WannaCryptor,,,,,,95,2026-07-13 16:58:06 UTC,ThreatFox,
,,,4af1d2af508abef8bfc77dafa3b80444,4af1d2af508abef8bfc77dafa3b80444,md5_hash,WannaCryptor,,,,,,95,2026-07-13 16:58:06 UTC,ThreatFox,
,,,026286f87e3719a78ade47685a01e31d,026286f87e3719a78ade47685a01e31d,md5_hash,ValleyRAT,,,,,,95,2026-07-13 16:58:05 UTC,ThreatFox,
,,,b92b1cc46a2b5ca150981b4202972178a6a522d909cbf941c73f6640c46ca062,b92b1cc46a2b5ca150981b4202972178a6a522d909cbf941c73f6640c46ca062,sha256_hash,Kuiper,,,,,,95,2026-07-13 16:58:05 UTC,ThreatFox,
,,,092a332c960a7fe7ac8381790db4bc49c359e8ab,092a332c960a7fe7ac8381790db4bc49c359e8ab,sha1_hash,Kuiper,,,,,,95,2026-07-13 16:58:05 UTC,ThreatFox,
,,,74dcd1f64bd3b43cf659359bff1f43131d43b4e07f3a3aa2a1f74d6e7970be09,74dcd1f64bd3b43cf659359bff1f43131d43b4e07f3a3aa2a1f74d6e7970be09,sha256_hash,ValleyRAT,,,,,,95,2026-07-13 16:58:04 UTC,ThreatFox,
,,,26668a26d5eca6ecde87587b76b1e500cdf2f915,26668a26d5eca6ecde87587b76b1e500cdf2f915,sha1_hash,ValleyRAT,,,,,,95,2026-07-13 16:58:04 UTC,ThreatFox,
,,,38ec84f3853bcc13d75471163ea0d0dbbfc714ee,38ec84f3853bcc13d75471163ea0d0dbbfc714ee,sha1_hash,Agent Tesla,,,,,,95,2026-07-13 16:58:03 UTC,ThreatFox,
,,,7afdd824c99b170d2f2bacd172128d2f,7afdd824c99b170d2f2bacd172128d2f,md5_hash,Agent Tesla,,,,,,95,2026-07-13 16:58:03 UTC,ThreatFox,
,,,cac491234125411fafd0c83e6f46066af9e4104c4d12462d09af8225f64006da,cac491234125411fafd0c83e6f46066af9e4104c4d12462d09af8225f64006da,sha256_hash,Agent Tesla,,,,,,95,2026-07-13 16:58:02 UTC,ThreatFox,
,,,143.244.141.187:9895,143[.]244[.]141[.]187:9895,ip:port,Remus,,,,,,75,2026-07-13 16:55:51 UTC,ThreatFox,https://bazaar.abuse.ch/sample/0b845b890586407658a6bfcb1030b32be641760120e304bdf372a835ca5d77a4/
,,,http://zelpx.garden:9895,hxxp://zelpx[.]garden:9895,url,Remus,,,,,,75,2026-07-13 16:55:50 UTC,ThreatFox,https://bazaar.abuse.ch/sample/0b845b890586407658a6bfcb1030b32be641760120e304bdf372a835ca5d77a4/
,,,30zu55sj.radioshartbandi.bet,30zu55sj[.]radioshartbandi[.]bet,domain,ClearFake,,,,,,100,2026-07-13 16:53:34 UTC,ThreatFox,
,,,glj24nrt.radioshartbandi.bet,glj24nrt[.]radioshartbandi[.]bet,domain,ClearFake,,,,,,100,2026-07-13 16:52:01 UTC,ThreatFox,
,,,anazon2-aws.xyz,anazon2-aws[.]xyz,domain,Unknown Loader,,,,,,100,2026-07-13 16:48:26 UTC,ThreatFox,https://app.any.run/tasks/7d136a0a-0819-4c7e-83a1-cab76cd3bafa
,,,bycl.betpublic.casino,bycl[.]betpublic[.]casino,domain,ClearFake,,,,,,100,2026-07-13 16:42:23 UTC,ThreatFox,
,,,159.89.132.240:9034,159[.]89[.]132[.]240:9034,ip:port,Aisuru,,,,,,100,2026-07-13 16:42:20 UTC,ThreatFox,
,,,dirone3rl3vvq64ckcnrvhe2ogrhjrwu5u7hqzrlotu3rfvmqmmbsuqd.onion,dirone3rl3vvq64ckcnrvhe2ogrhjrwu5u7hqzrlotu3rfvmqmmbsuqd[.]onion,domain,Unknown malware,,,,,,100,2026-07-13 16:42:19 UTC,ThreatFox,https://x.com/RakeshKrish12/status/2076678894569296038
,,,https://jadeworkshop.top/router/user-thread.js,hxxps://jadeworkshop[.]top/router/user-thread[.]js,url,SmartApeSG,,,,,,100,2026-07-13 16:42:19 UTC,ThreatFox,https://infosec.exchange/@monitorsg/116913291339916771
,,,46.101.228.130:8443,46[.]101[.]228[.]130:8443,ip:port,Aisuru,,,,,,100,2026-07-13 16:42:18 UTC,ThreatFox,
,,,45.225.135.18:80,45[.]225[.]135[.]18:80,ip:port,Mirai,,,,,,75,2026-07-13 16:42:18 UTC,ThreatFox,https://twitter.com/NullBlue67
,,,45.225.135.18:1212,45[.]225[.]135[.]18:1212,ip:port,Mirai,,,,,,75,2026-07-13 16:42:17 UTC,ThreatFox,https://twitter.com/NullBlue67
,,,64.89.163.22:443,64[.]89[.]163[.]22:443,ip:port,Mirai,,,,,,75,2026-07-13 16:42:16 UTC,ThreatFox,https://twitter.com/NullBlue67
,,,45.225.135.18:8080,45[.]225[.]135[.]18:8080,ip:port,Mirai,,,,,,75,2026-07-13 16:42:16 UTC,ThreatFox,https://twitter.com/NullBlue67
,,,45.225.135.18:9091,45[.]225[.]135[.]18:9091,ip:port,Mirai,,,,,,75,2026-07-13 16:42:10 UTC,ThreatFox,https://twitter.com/NullBlue67
,,,45.225.135.18:6262,45[.]225[.]135[.]18:6262,ip:port,Mirai,,,,,,75,2026-07-13 16:42:09 UTC,ThreatFox,https://twitter.com/NullBlue67
,,,59.110.152.228:9292,59[.]110[.]152[.]228:9292,ip:port,Mirai,,,,,,75,2026-07-13 16:42:08 UTC,ThreatFox,https://twitter.com/NullBlue67
,,,45.61.187.50:50001,45[.]61[.]187[.]50:50001,ip:port,Unknown malware,,,,,,75,2026-07-13 16:42:07 UTC,ThreatFox,
,,,http://45.61.187.50:50001/data.php,hxxp://45[.]61[.]187[.]50:50001/data[.]php,url,Unknown malware,,,,,,75,2026-07-13 16:42:06 UTC,ThreatFox,
,,,79b6817aa671bd0319f64a6707e2785f15cbbc415ffc5b1fd7ce3f1d98c3b2a6,79b6817aa671bd0319f64a6707e2785f15cbbc415ffc5b1fd7ce3f1d98c3b2a6,sha256_hash,Unknown malware,,,,,,75,2026-07-13 16:42:05 UTC,ThreatFox,https://www.virustotal.com/gui/file/79b6817aa671bd0319f64a6707e2785f15cbbc415ffc5b1fd7ce3f1d98c3b2a6
,,,bapp.netlink-connect.com,bapp[.]netlink-connect[.]com,domain,Unknown malware,,,,,,75,2026-07-13 16:42:05 UTC,ThreatFox,https://www.virustotal.com/gui/file/79b6817aa671bd0319f64a6707e2785f15cbbc415ffc5b1fd7ce3f1d98c3b2a6
,,,https://schuctz.click/b345t329.js,hxxps://schuctz[.]click/b345t329[.]js,url,KongTuke,,,,,,100,2026-07-13 16:42:04 UTC,ThreatFox,
,,,schuctz.click,schuctz[.]click,domain,KongTuke,,,,,,100,2026-07-13 16:42:03 UTC,ThreatFox,
,,,https://schuctz.click/api/v1/session,hxxps://schuctz[.]click/api/v1/session,url,KongTuke,,,,,,100,2026-07-13 16:42:02 UTC,ThreatFox,
,,,https://schuctz.click/api/v1/verify,hxxps://schuctz[.]click/api/v1/verify,url,KongTuke,,,,,,100,2026-07-13 16:42:02 UTC,ThreatFox,
,,,rrbc.betpublic.casino,rrbc[.]betpublic[.]casino,domain,ClearFake,,,,,,100,2026-07-13 16:40:40 UTC,ThreatFox,
,,,stvdwyqw.site-asli-bedon-filter-1xbet.com,stvdwyqw[.]site-asli-bedon-filter-1xbet[.]com,domain,ClearFake,,,,,,100,2026-07-13 16:23:32 UTC,ThreatFox,
,,,grajnalm.site-asli-bedon-filter-1xbet.com,grajnalm[.]site-asli-bedon-filter-1xbet[.]com,domain,ClearFake,,,,,,100,2026-07-13 16:20:22 UTC,ThreatFox,
,,,rqsjaodh.site-asli-bedon-filter-1xbet.com,rqsjaodh[.]site-asli-bedon-filter-1xbet[.]com,domain,ClearFake,,,,,,100,2026-07-13 16:18:29 UTC,ThreatFox,
,,,gate-dock.deryuga-sablist.garden,gate-dock[.]deryuga-sablist[.]garden,domain,ClearFake,,,,,,90,2026-07-13 16:06:44 UTC,ThreatFox,
,,,154.88.102.60:8885,154[.]88[.]102[.]60:8885,ip:port,VShell,,,,,,100,2026-07-13 16:05:05 UTC,ThreatFox,
,,,154.88.100.55:8885,154[.]88[.]100[.]55:8885,ip:port,VShell,,,,,,100,2026-07-13 16:05:04 UTC,ThreatFox,
,,,154.88.100.57:8885,154[.]88[.]100[.]57:8885,ip:port,VShell,,,,,,100,2026-07-13 16:05:04 UTC,ThreatFox,
,,,154.88.102.52:8885,154[.]88[.]102[.]52:8885,ip:port,VShell,,,,,,100,2026-07-13 16:05:04 UTC,ThreatFox,
,,,zzcg.bet90forward.win,zzcg[.]bet90forward[.]win,domain,ClearFake,,,,,,100,2026-07-13 15:41:58 UTC,ThreatFox,
,,,zucx.bet90forward.win,zucx[.]bet90forward[.]win,domain,ClearFake,,,,,,100,2026-07-13 15:40:22 UTC,ThreatFox,
,,,kaumdowe.jadoou.sbs,kaumdowe[.]jadoou[.]sbs,domain,ClearFake,,,,,,100,2026-07-13 15:37:22 UTC,ThreatFox,
,,,154.219.116.210:8888,154[.]219[.]116[.]210:8888,ip:port,VShell,,,,,,100,2026-07-13 15:05:05 UTC,ThreatFox,
,,,154.88.102.51:8885,154[.]88[.]102[.]51:8885,ip:port,VShell,,,,,,100,2026-07-13 15:05:05 UTC,ThreatFox,
,,,119.45.105.71:8089,119[.]45[.]105[.]71:8089,ip:port,VShell,,,,,,100,2026-07-13 15:05:04 UTC,ThreatFox,
,,,2cca57zt.onjabet1.com,2cca57zt[.]onjabet1[.]com,domain,ClearFake,,,,,,100,2026-07-13 14:52:41 UTC,ThreatFox,
,,,tzcy9ec8.onjabet1.com,tzcy9ec8[.]onjabet1[.]com,domain,ClearFake,,,,,,100,2026-07-13 14:51:29 UTC,ThreatFox,
,,,ulgqmzld.jadoou.online,ulgqmzld[.]jadoou[.]online,domain,ClearFake,,,,,,100,2026-07-13 14:43:26 UTC,ThreatFox,
,,,dzjr.bekabet.casino,dzjr[.]bekabet[.]casino,domain,ClearFake,,,,,,100,2026-07-13 14:40:47 UTC,ThreatFox,
,,,rjhrnhqj.jadoou.online,rjhrnhqj[.]jadoou[.]online,domain,ClearFake,,,,,,100,2026-07-13 14:39:59 UTC,ThreatFox,
,,,qwfh.bekabet.casino,qwfh[.]bekabet[.]casino,domain,ClearFake,,,,,,100,2026-07-13 14:39:43 UTC,ThreatFox,
,,,s.na-cs.com,s[.]na-cs[.]com,domain,Kinsing,,,,,,90,2026-07-13 14:17:22 UTC,ThreatFox,
,,,oracle.zzhreceive.top,oracle[.]zzhreceive[.]top,domain,Kinsing,,,,,,85,2026-07-13 14:17:21 UTC,ThreatFox,
,,,162.243.3.92:80,162[.]243[.]3[.]92:80,ip:port,Kinsing,,,,,,90,2026-07-13 14:17:21 UTC,ThreatFox,
,,,http://s.na-cs.com/b2f628/b.sh,hxxp://s[.]na-cs[.]com/b2f628/b[.]sh,url,Kinsing,,,,,,95,2026-07-13 14:17:21 UTC,ThreatFox,
,,,http://s.na-cs.com/t.sh,hxxp://s[.]na-cs[.]com/t[.]sh,url,Kinsing,,,,,,90,2026-07-13 14:17:20 UTC,ThreatFox,
,,,http://oracle.zzhreceive.top/b2f628/b.sh,hxxp://oracle[.]zzhreceive[.]top/b2f628/b[.]sh,url,Kinsing,,,,,,80,2026-07-13 14:17:20 UTC,ThreatFox,
,,,high-priority.futurainternationalrealty.com,high-priority[.]futurainternationalrealty[.]com,domain,FAKEUPDATES,,,,,,100,2026-07-13 14:17:18 UTC,ThreatFox,https://infosec.exchange/@monitorsg/116913056137540514
,,,133.18.165.80:6606,133[.]18[.]165[.]80:6606,ip:port,AsyncRAT,,,,,,75,2026-07-13 14:05:50 UTC,ThreatFox,https://bazaar.abuse.ch/sample/dc14aa1d739c79a92ae7342a7f6941aab24df1b03fedd0a99d9a57cd972d569d/
,,,133.18.165.80:8808,133[.]18[.]165[.]80:8808,ip:port,AsyncRAT,,,,,,75,2026-07-13 14:05:50 UTC,ThreatFox,https://bazaar.abuse.ch/sample/dc14aa1d739c79a92ae7342a7f6941aab24df1b03fedd0a99d9a57cd972d569d/
,,,23.149.28.91:443,23[.]149[.]28[.]91:443,ip:port,Unknown malware,,,,,,100,2026-07-13 14:05:07 UTC,ThreatFox,
,,,23.149.28.91:80,23[.]149[.]28[.]91:80,ip:port,Unknown malware,,,,,,100,2026-07-13 14:05:07 UTC,ThreatFox,
,,,23.149.28.91:8080,23[.]149[.]28[.]91:8080,ip:port,Unknown malware,,,,,,100,2026-07-13 14:05:07 UTC,ThreatFox,
,,,23.149.28.91:60000,23[.]149[.]28[.]91:60000,ip:port,Unknown malware,,,,,,100,2026-07-13 14:05:06 UTC,ThreatFox,
,,,51.38.99.224:443,51[.]38[.]99[.]224:443,ip:port,Unknown Stealer,,,,,,50,2026-07-13 14:04:23 UTC,ThreatFox,https://bazaar.abuse.ch/sample/34ad97945a1f70cdbf8af7777a6c71c990d841840cf3c94a387f6cc83450ad4b/
,,,outlook8web.com,outlook8web[.]com,domain,NetSupportManager RAT,,,,,,100,2026-07-13 14:00:52 UTC,ThreatFox,https://bazaar.abuse.ch/sample/b11880bbadb5a06cd44f60e08f48dd5592ad9add9377c81810f5216437415865/
,,,133.18.165.80:7707,133[.]18[.]165[.]80:7707,ip:port,AsyncRAT,,,,,,100,2026-07-13 14:00:05 UTC,ThreatFox,
,,,136.0.213.113:8041,136[.]0[.]213[.]113:8041,ip:port,Unknown RAT,,,,,,75,2026-07-13 13:59:29 UTC,ThreatFox,https://bazaar.abuse.ch/sample/6eb36447883376c1cc14129e77d8bebec87a1ac31ea069442ba76949797da3e1/
,,,droptest.xyz,droptest[.]xyz,domain,Unknown Loader,,,,,,100,2026-07-13 13:53:54 UTC,ThreatFox,
,,,45.198.0.193:22265,45[.]198[.]0[.]193:22265,ip:port,Unknown malware,,,,,,75,2026-07-13 13:49:55 UTC,ThreatFox,https://bazaar.abuse.ch/sample/475774774c013c3a5d6db3ccdb025504c7151999a63097bf98476578d0533f5b/
,,,tcp.niceports.shop,tcp[.]niceports[.]shop,domain,Unknown malware,,,,,,100,2026-07-13 13:49:34 UTC,ThreatFox,https://bazaar.abuse.ch/sample/475774774c013c3a5d6db3ccdb025504c7151999a63097bf98476578d0533f5b/
,,,yxxyqkkf.jadoou.one,yxxyqkkf[.]jadoou[.]one,domain,ClearFake,,,,,,100,2026-07-13 13:47:40 UTC,ThreatFox,
,,,178.62.228.25:25001,178[.]62[.]228[.]25:25001,ip:port,Kimwolf,,,,,,100,2026-07-13 13:44:44 UTC,ThreatFox,
,,,178.62.235.14:25001,178[.]62[.]235[.]14:25001,ip:port,Kimwolf,,,,,,100,2026-07-13 13:44:43 UTC,ThreatFox,
,,,188.166.1.226:25001,188[.]166[.]1[.]226:25001,ip:port,Kimwolf,,,,,,100,2026-07-13 13:44:42 UTC,ThreatFox,
,,,188.166.105.148:25001,188[.]166[.]105[.]148:25001,ip:port,Kimwolf,,,,,,100,2026-07-13 13:44:41 UTC,ThreatFox,
,,,167.99.42.38:25001,167[.]99[.]42[.]38:25001,ip:port,Kimwolf,,,,,,100,2026-07-13 13:44:40 UTC,ThreatFox,
,,,142.93.231.53:25001,142[.]93[.]231[.]53:25001,ip:port,Kimwolf,,,,,,100,2026-07-13 13:44:39 UTC,ThreatFox,
,,,209.38.46.121:25001,209[.]38[.]46[.]121:25001,ip:port,Kimwolf,,,,,,100,2026-07-13 13:44:37 UTC,ThreatFox,
,,,178.128.249.233:25001,178[.]128[.]249[.]233:25001,ip:port,Kimwolf,,,,,,100,2026-07-13 13:44:37 UTC,ThreatFox,
,,,157.245.71.64:25001,157[.]245[.]71[.]64:25001,ip:port,Kimwolf,,,,,,100,2026-07-13 13:44:36 UTC,ThreatFox,
,,,64.225.73.161:25001,64[.]225[.]73[.]161:25001,ip:port,Kimwolf,,,,,,100,2026-07-13 13:44:35 UTC,ThreatFox,
,,,https://jadeworkshop.top/router/verify-build,hxxps://jadeworkshop[.]top/router/verify-build,url,SmartApeSG,,,,,,100,2026-07-13 13:44:34 UTC,ThreatFox,https://infosec.exchange/@monitorsg/116912346615212268
,,,jadeworkshop.top,jadeworkshop[.]top,domain,SmartApeSG,,,,,,100,2026-07-13 13:44:34 UTC,ThreatFox,https://infosec.exchange/@monitorsg/116912346615212268
,,,https://jadeworkshop.top/router/handler-asset.js,hxxps://jadeworkshop[.]top/router/handler-asset[.]js,url,SmartApeSG,,,,,,100,2026-07-13 13:44:32 UTC,ThreatFox,https://infosec.exchange/@monitorsg/116912346615212268
,,,genesis-cheats.com,genesis-cheats[.]com,domain,Unknown malware,,,,,,100,2026-07-13 13:44:32 UTC,ThreatFox,
,,,wifihgu.duckdns.org,wifihgu[.]duckdns[.]org,domain,Mirai,,,,,,100,2026-07-13 13:44:31 UTC,ThreatFox,
,,,lumennix.life,lumennix[.]life,domain,Unknown malware,,,,,,100,2026-07-13 13:44:30 UTC,ThreatFox,
,,,jadoou.boats,jadoou[.]boats,domain,ClearFake,,,,,,75,2026-07-13 13:44:30 UTC,ThreatFox,
,,,jadoou.cfd,jadoou[.]cfd,domain,ClearFake,,,,,,75,2026-07-13 13:44:29 UTC,ThreatFox,
,,,jadoou.club,jadoou[.]club,domain,ClearFake,,,,,,75,2026-07-13 13:44:28 UTC,ThreatFox,
,,,jadoou.monster,jadoou[.]monster,domain,ClearFake,,,,,,75,2026-07-13 13:44:27 UTC,ThreatFox,
,,,jadoou.online,jadoou[.]online,domain,ClearFake,,,,,,75,2026-07-13 13:44:26 UTC,ThreatFox,
,,,jadoou.shop,jadoou[.]shop,domain,ClearFake,,,,,,75,2026-07-13 13:44:25 UTC,ThreatFox,
,,,jadoou.site,jadoou[.]site,domain,ClearFake,,,,,,75,2026-07-13 13:44:24 UTC,ThreatFox,
,,,jadoou.skin,jadoou[.]skin,domain,ClearFake,,,,,,75,2026-07-13 13:44:23 UTC,ThreatFox,
,,,jadoou.space,jadoou[.]space,domain,ClearFake,,,,,,75,2026-07-13 13:44:22 UTC,ThreatFox,
,,,jadoou.store,jadoou[.]store,domain,ClearFake,,,,,,75,2026-07-13 13:44:22 UTC,ThreatFox,
,,,jadoou.xyz,jadoou[.]xyz,domain,ClearFake,,,,,,75,2026-07-13 13:44:20 UTC,ThreatFox,
,,,instance-v81wjy-relay.screenconnect.com,instance-v81wjy-relay[.]screenconnect[.]com,domain,Unknown malware,,,,,,90,2026-07-13 13:44:18 UTC,ThreatFox,
,,,fanampiana.screenconnect.com,fanampiana[.]screenconnect[.]com,domain,Unknown malware,,,,,,90,2026-07-13 13:44:16 UTC,ThreatFox,
,,,37.59.66.254:443,37[.]59[.]66[.]254:443,ip:port,Unknown malware,,,,,,90,2026-07-13 13:44:15 UTC,ThreatFox,
,,,cdnssa.com,cdnssa[.]com,domain,Unknown malware,,,,,,90,2026-07-13 13:44:13 UTC,ThreatFox,
,,,hnzi.behtarin-site-shartbandi.com,hnzi[.]behtarin-site-shartbandi[.]com,domain,ClearFake,,,,,,100,2026-07-13 13:41:50 UTC,ThreatFox,
,,,owhj.behtarin-site-shartbandi.com,owhj[.]behtarin-site-shartbandi[.]com,domain,ClearFake,,,,,,100,2026-07-13 13:39:16 UTC,ThreatFox,
,,,81.70.21.248:8080,81[.]70[.]21[.]248:8080,ip:port,Cobalt Strike,,,,,,100,2026-07-13 13:05:06 UTC,ThreatFox,
,,,186.241.75.134:443,186[.]241[.]75[.]134:443,ip:port,Cobalt Strike,,,,,,100,2026-07-13 13:05:05 UTC,ThreatFox,
,,,81.70.21.248:80,81[.]70[.]21[.]248:80,ip:port,Cobalt Strike,,,,,,100,2026-07-13 13:05:05 UTC,ThreatFox,
,,,5dov6pg7.jadoou.yachts,5dov6pg7[.]jadoou[.]yachts,domain,ClearFake,,,,,,100,2026-07-13 12:52:46 UTC,ThreatFox,
,,,k7d5sjnk.jadoobet.club,k7d5sjnk[.]jadoobet[.]club,domain,ClearFake,,,,,,100,2026-07-13 12:52:40 UTC,ThreatFox,
,,,bzd7mk6q.parsalip.bio,bzd7mk6q[.]parsalip[.]bio,domain,ClearFake,,,,,,100,2026-07-13 12:52:10 UTC,ThreatFox,
,,,ciofzlfd.jadoou.lat,ciofzlfd[.]jadoou[.]lat,domain,ClearFake,,,,,,100,2026-07-13 12:50:39 UTC,ThreatFox,
,,,parsalip.bio,parsalip[.]bio,domain,ClearFake,,,,,,100,2026-07-13 12:50:29 UTC,ThreatFox,
,,,motabartarin-site-shartbandi.com,motabartarin-site-shartbandi[.]com,domain,ClearFake,,,,,,100,2026-07-13 12:50:21 UTC,ThreatFox,
,,,asuf.bahsegel90.com,asuf[.]bahsegel90[.]com,domain,ClearFake,,,,,,100,2026-07-13 12:49:10 UTC,ThreatFox,
,,,casintro.bet,casintro[.]bet,domain,ClearFake,,,,,,100,2026-07-13 12:40:28 UTC,ThreatFox,
,,,zigeoavk.jadoou.click,zigeoavk[.]jadoou[.]click,domain,ClearFake,,,,,,100,2026-07-13 12:35:35 UTC,ThreatFox,
,,,vzcr.bahigo.casino,vzcr[.]bahigo[.]casino,domain,ClearFake,,,,,,100,2026-07-13 12:10:28 UTC,ThreatFox,
,,,103.118.243.73:443,103[.]118[.]243[.]73:443,ip:port,ValleyRAT,,,,,,100,2026-07-13 12:10:06 UTC,ThreatFox,
,,,hmmz.bahigo.casino,hmmz[.]bahigo[.]casino,domain,ClearFake,,,,,,100,2026-07-13 12:08:49 UTC,ThreatFox,
,,,81.70.21.248:443,81[.]70[.]21[.]248:443,ip:port,Cobalt Strike,,,,,,100,2026-07-13 12:05:06 UTC,ThreatFox,
,,,186.241.75.134:8080,186[.]241[.]75[.]134:8080,ip:port,Cobalt Strike,,,,,,100,2026-07-13 12:05:05 UTC,ThreatFox,
,,,8.137.164.118:18084,8[.]137[.]164[.]118:18084,ip:port,VShell,,,,,,100,2026-07-13 12:05:05 UTC,ThreatFox,
,,,mehradhidden.bio,mehradhidden[.]bio,domain,ClearFake,,,,,,100,2026-07-13 12:03:45 UTC,ThreatFox,
,,,576m4hgs.jadoobet.click,576m4hgs[.]jadoobet[.]click,domain,ClearFake,,,,,,100,2026-07-13 11:55:04 UTC,ThreatFox,
,,,imjbwe71.jadoou.xyz,imjbwe71[.]jadoou[.]xyz,domain,ClearFake,,,,,,100,2026-07-13 11:53:17 UTC,ThreatFox,
,,,92991q0f.jadoou.xyz,92991q0f[.]jadoou[.]xyz,domain,ClearFake,,,,,,100,2026-07-13 11:52:45 UTC,ThreatFox,
,,,https://69.164.253.21,hxxps://69[.]164[.]253[.]21,url,Vidar,,,,,,75,2026-07-13 11:50:51 UTC,ThreatFox,https://bazaar.abuse.ch/sample/3b328b13d6925bb86cfa46b58586530dd14e6f0f627ec92a1f14ef162d5712ec/
,,,lqljywai.jadoou.christmas,lqljywai[.]jadoou[.]christmas,domain,ClearFake,,,,,,100,2026-07-13 11:42:21 UTC,ThreatFox,
,,,ahdwvzwy.jadoou.christmas,ahdwvzwy[.]jadoou[.]christmas,domain,ClearFake,,,,,,100,2026-07-13 11:39:29 UTC,ThreatFox,
,,,mahyartunes.bio,mahyartunes[.]bio,domain,ClearFake,,,,,,100,2026-07-13 11:33:13 UTC,ThreatFox,
,,,zxx1gpmw.pars90.download,zxx1gpmw[.]pars90[.]download,domain,ClearFake,,,,,,100,2026-07-13 11:16:56 UTC,ThreatFox,
,,,pars90.download,pars90[.]download,domain,ClearFake,,,,,,100,2026-07-13 11:14:45 UTC,ThreatFox,
,,,154.88.99.59:8885,154[.]88[.]99[.]59:8885,ip:port,VShell,,,,,,100,2026-07-13 11:05:07 UTC,ThreatFox,
,,,154.88.99.60:8885,154[.]88[.]99[.]60:8885,ip:port,VShell,,,,,,100,2026-07-13 11:05:07 UTC,ThreatFox,
,,,154.88.99.58:8885,154[.]88[.]99[.]58:8885,ip:port,VShell,,,,,,100,2026-07-13 11:05:06 UTC,ThreatFox,
,,,154.88.99.54:8885,154[.]88[.]99[.]54:8885,ip:port,VShell,,,,,,100,2026-07-13 11:05:05 UTC,ThreatFox,
,,,ovcvaphj.jadoou.cfd,ovcvaphj[.]jadoou[.]cfd,domain,ClearFake,,,,,,100,2026-07-13 10:48:49 UTC,ThreatFox,
,,,vnuhxmfp.jadoou.cfd,vnuhxmfp[.]jadoou[.]cfd,domain,ClearFake,,,,,,100,2026-07-13 10:44:20 UTC,ThreatFox,
,,,zxco.madgal.life,zxco[.]madgal[.]life,domain,ClearFake,,,,,,100,2026-07-13 10:37:14 UTC,ThreatFox,
,,,ukgf.madgal.life,ukgf[.]madgal[.]life,domain,ClearFake,,,,,,100,2026-07-13 10:32:21 UTC,ThreatFox,
,,,193.26.115.211:443,193[.]26[.]115[.]211:443,ip:port,Unknown RAT,,,,,,75,2026-07-13 10:06:45 UTC,ThreatFox,https://bazaar.abuse.ch/sample/6c212f1d0ae56bc0f959e24580771ad1f12ef9613b6347bc393cade21b61fe64/
,,,roland.uscourt.online,roland[.]uscourt[.]online,domain,Unknown RAT,,,,,,100,2026-07-13 10:06:06 UTC,ThreatFox,https://bazaar.abuse.ch/sample/6c212f1d0ae56bc0f959e24580771ad1f12ef9613b6347bc393cade21b61fe64/
,,,37.27.30.5:2406,37[.]27[.]30[.]5:2406,ip:port,Remcos,,,,,,75,2026-07-13 10:05:49 UTC,ThreatFox,https://bazaar.abuse.ch/sample/c4fc9162227b35c631fbe623ee30fa7f660ed015915ed66c76942b1583ac3f77/
,,,37.27.30.5:2404,37[.]27[.]30[.]5:2404,ip:port,Remcos,,,,,,75,2026-07-13 10:05:48 UTC,ThreatFox,https://bazaar.abuse.ch/sample/c4fc9162227b35c631fbe623ee30fa7f660ed015915ed66c76942b1583ac3f77/
,,,37.27.30.5:2405,37[.]27[.]30[.]5:2405,ip:port,Remcos,,,,,,75,2026-07-13 10:05:48 UTC,ThreatFox,https://bazaar.abuse.ch/sample/c4fc9162227b35c631fbe623ee30fa7f660ed015915ed66c76942b1583ac3f77/
,,,154.88.99.53:8885,154[.]88[.]99[.]53:8885,ip:port,VShell,,,,,,100,2026-07-13 10:05:05 UTC,ThreatFox,
,,,154.88.99.57:8885,154[.]88[.]99[.]57:8885,ip:port,VShell,,,,,,100,2026-07-13 10:05:05 UTC,ThreatFox,
,,,154.88.99.50:8885,154[.]88[.]99[.]50:8885,ip:port,VShell,,,,,,100,2026-07-13 10:05:04 UTC,ThreatFox,
,,,5ufm19dl.pdfbama.com,5ufm19dl[.]pdfbama[.]com,domain,ClearFake,,,,,,100,2026-07-13 09:54:25 UTC,ThreatFox,
,,,ikjsbyby.pdfbama.com,ikjsbyby[.]pdfbama[.]com,domain,ClearFake,,,,,,100,2026-07-13 09:52:14 UTC,ThreatFox,
,,,qcancmnq.jadoou.store,qcancmnq[.]jadoou[.]store,domain,ClearFake,,,,,,100,2026-07-13 09:51:15 UTC,ThreatFox,
,,,yyigpwsf.jadoou.store,yyigpwsf[.]jadoou[.]store,domain,ClearFake,,,,,,100,2026-07-13 09:48:33 UTC,ThreatFox,
,,,91.92.42.50:80,91[.]92[.]42[.]50:80,ip:port,Mirai,,,,,,75,2026-07-13 09:46:37 UTC,ThreatFox,
,,,216.9.225.38:14645,216[.]9[.]225[.]38:14645,ip:port,Remcos,,,,,,75,2026-07-13 09:45:31 UTC,ThreatFox,
,,,211.159.223.14:22005,211[.]159[.]223[.]14:22005,ip:port,Remcos,,,,,,75,2026-07-13 09:44:45 UTC,ThreatFox,
,,,188.209.158.161:6606,188[.]209[.]158[.]161:6606,ip:port,AsyncRAT,,,,,,75,2026-07-13 09:44:23 UTC,ThreatFox,
,,,136.111.38.101:6932,136[.]111[.]38[.]101:6932,ip:port,AsyncRAT,,,,,,75,2026-07-13 09:43:27 UTC,ThreatFox,
,,,vfld.jadoou.my,vfld[.]jadoou[.]my,domain,ClearFake,,,,,,100,2026-07-13 09:32:38 UTC,ThreatFox,
,,,jadoou.my,jadoou[.]my,domain,ClearFake,,,,,,100,2026-07-13 09:31:59 UTC,ThreatFox,
,,,46.101.228.130:8001,46[.]101[.]228[.]130:8001,ip:port,Aisuru,,,,,,100,2026-07-13 09:31:45 UTC,ThreatFox,
,,,209.97.129.135:8001,209[.]97[.]129[.]135:8001,ip:port,Aisuru,,,,,,100,2026-07-13 09:31:45 UTC,ThreatFox,
,,,188.166.146.39:8001,188[.]166[.]146[.]39:8001,ip:port,Aisuru,,,,,,100,2026-07-13 09:31:44 UTC,ThreatFox,
,,,46.101.218.232:8001,46[.]101[.]218[.]232:8001,ip:port,Aisuru,,,,,,100,2026-07-13 09:31:44 UTC,ThreatFox,
,,,206.189.17.74:8001,206[.]189[.]17[.]74:8001,ip:port,Aisuru,,,,,,100,2026-07-13 09:31:44 UTC,ThreatFox,
,,,151.239.24.33:9090,151[.]239[.]24[.]33:9090,ip:port,Cobalt Strike,,,,,,100,2026-07-13 09:19:07 UTC,ThreatFox,
,,,64.90.13.61:80,64[.]90[.]13[.]61:80,ip:port,Cobalt Strike,,,,,,100,2026-07-13 09:19:06 UTC,ThreatFox,
,,,106.54.44.181:81,106[.]54[.]44[.]181:81,ip:port,Cobalt Strike,,,,,,100,2026-07-13 09:18:45 UTC,ThreatFox,
,,,154.88.99.47:8885,154[.]88[.]99[.]47:8885,ip:port,VShell,,,,,,100,2026-07-13 09:05:07 UTC,ThreatFox,
,,,154.88.99.49:8885,154[.]88[.]99[.]49:8885,ip:port,VShell,,,,,,100,2026-07-13 09:05:07 UTC,ThreatFox,
,,,154.88.99.42:8885,154[.]88[.]99[.]42:8885,ip:port,VShell,,,,,,100,2026-07-13 09:05:06 UTC,ThreatFox,
,,,154.88.99.44:8885,154[.]88[.]99[.]44:8885,ip:port,VShell,,,,,,100,2026-07-13 09:05:06 UTC,ThreatFox,
,,,154.88.99.37:8885,154[.]88[.]99[.]37:8885,ip:port,VShell,,,,,,100,2026-07-13 09:05:05 UTC,ThreatFox,
,,,zjyozhki.jadoou.space,zjyozhki[.]jadoou[.]space,domain,ClearFake,,,,,,100,2026-07-13 08:54:29 UTC,ThreatFox,
,,,rdywfklo.jadoou.space,rdywfklo[.]jadoou[.]space,domain,ClearFake,,,,,,100,2026-07-13 08:53:03 UTC,ThreatFox,
,,,gcyp.jadoou.monster,gcyp[.]jadoou[.]monster,domain,ClearFake,,,,,,100,2026-07-13 08:35:59 UTC,ThreatFox,
,,,23euhdso.deryuga-sablist.garden,23euhdso[.]deryuga-sablist[.]garden,domain,ClearFake,,,,,,90,2026-07-13 08:31:32 UTC,ThreatFox,
,,,63mkau.deryuga-sablist.garden,63mkau[.]deryuga-sablist[.]garden,domain,ClearFake,,,,,,90,2026-07-13 08:16:32 UTC,ThreatFox,
,,,154.88.99.36:8885,154[.]88[.]99[.]36:8885,ip:port,VShell,,,,,,100,2026-07-13 08:05:10 UTC,ThreatFox,
,,,154.88.99.34:8885,154[.]88[.]99[.]34:8885,ip:port,VShell,,,,,,100,2026-07-13 08:05:09 UTC,ThreatFox,
,,,154.88.99.35:8885,154[.]88[.]99[.]35:8885,ip:port,VShell,,,,,,100,2026-07-13 08:05:09 UTC,ThreatFox,
,,,154.88.99.33:8885,154[.]88[.]99[.]33:8885,ip:port,VShell,,,,,,100,2026-07-13 08:05:06 UTC,ThreatFox,
,,,154.88.97.56:8885,154[.]88[.]97[.]56:8885,ip:port,VShell,,,,,,100,2026-07-13 08:05:04 UTC,ThreatFox,
,,,sol-forgeen.deryuga-sablist.garden,sol-forgeen[.]deryuga-sablist[.]garden,domain,ClearFake,,,,,,90,2026-07-13 08:01:32 UTC,ThreatFox,
,,,cacbvgql.jadoou.skin,cacbvgql[.]jadoou[.]skin,domain,ClearFake,,,,,,100,2026-07-13 07:59:36 UTC,ThreatFox,
,,,fahv2h6l.kimimaro-trance.com,fahv2h6l[.]kimimaro-trance[.]com,domain,ClearFake,,,,,,100,2026-07-13 07:52:49 UTC,ThreatFox,
,,,jmwdyds9.kimimaro-trance.com,jmwdyds9[.]kimimaro-trance[.]com,domain,ClearFake,,,,,,100,2026-07-13 07:51:52 UTC,ThreatFox,
,,,kimimaro-trance.com,kimimaro-trance[.]com,domain,ClearFake,,,,,,100,2026-07-13 07:51:45 UTC,ThreatFox,
,,,l74u0.ima8invika.garden,l74u0[.]ima8invika[.]garden,domain,ClearFake,,,,,,90,2026-07-13 07:46:32 UTC,ThreatFox,
,,,qcvuzme.ima8invika.garden,qcvuzme[.]ima8invika[.]garden,domain,ClearFake,,,,,,90,2026-07-13 07:46:31 UTC,ThreatFox,
,,,tkhf.jadoou.mom,tkhf[.]jadoou[.]mom,domain,ClearFake,,,,,,100,2026-07-13 07:33:10 UTC,ThreatFox,
,,,omze.jadoou.mom,omze[.]jadoou[.]mom,domain,ClearFake,,,,,,100,2026-07-13 07:30:36 UTC,ThreatFox,
,,,jadoou.mom,jadoou[.]mom,domain,ClearFake,,,,,,100,2026-07-13 07:30:32 UTC,ThreatFox,
,,,http://123.5.172.173:34251/i,hxxp://123[.]5[.]172[.]173:34251/i,url,malware_download,,,,,,,2026-07-14 07:12:29 UTC,URLhaus,https://urlhaus.abuse.ch/url/3886214/
,,,http://94.154.43.70/hiddenbin/Space.mpsl,hxxp://94[.]154[.]43[.]70/hiddenbin/Space[.]mpsl,url,malware_download,,,,,,,2026-07-14 07:09:19 UTC,URLhaus,https://urlhaus.abuse.ch/url/3886199/
,,,http://94.154.43.70/hiddenbin/Space.x86,hxxp://94[.]154[.]43[.]70/hiddenbin/Space[.]x86,url,malware_download,,,,,,,2026-07-14 07:09:19 UTC,URLhaus,https://urlhaus.abuse.ch/url/3886200/
,,,http://94.154.43.70/hiddenbin/Space.arm6,hxxp://94[.]154[.]43[.]70/hiddenbin/Space[.]arm6,url,malware_download,,,,,,,2026-07-14 07:09:19 UTC,URLhaus,https://urlhaus.abuse.ch/url/3886201/
,,,http://94.154.43.70/hiddenbin/Space.i686,hxxp://94[.]154[.]43[.]70/hiddenbin/Space[.]i686,url,malware_download,,,,,,,2026-07-14 07:09:19 UTC,URLhaus,https://urlhaus.abuse.ch/url/3886202/
,,,http://94.154.43.70/hiddenbin/Space.arm,hxxp://94[.]154[.]43[.]70/hiddenbin/Space[.]arm,url,malware_download,,,,,,,2026-07-14 07:09:19 UTC,URLhaus,https://urlhaus.abuse.ch/url/3886203/
,,,http://94.154.43.70/hiddenbin/Space.x86_64,hxxp://94[.]154[.]43[.]70/hiddenbin/Space[.]x86_64,url,malware_download,,,,,,,2026-07-14 07:09:19 UTC,URLhaus,https://urlhaus.abuse.ch/url/3886204/
,,,http://94.154.43.70/hiddenbin/Space.arc,hxxp://94[.]154[.]43[.]70/hiddenbin/Space[.]arc,url,malware_download,,,,,,,2026-07-14 07:09:19 UTC,URLhaus,https://urlhaus.abuse.ch/url/3886205/
,,,http://94.154.43.70/hiddenbin/Space.arm5,hxxp://94[.]154[.]43[.]70/hiddenbin/Space[.]arm5,url,malware_download,,,,,,,2026-07-14 07:09:19 UTC,URLhaus,https://urlhaus.abuse.ch/url/3886206/
,,,http://94.154.43.70/hiddenbin/Space.arm7,hxxp://94[.]154[.]43[.]70/hiddenbin/Space[.]arm7,url,malware_download,,,,,,,2026-07-14 07:09:19 UTC,URLhaus,https://urlhaus.abuse.ch/url/3886207/
,,,http://94.154.43.70/hiddenbin/Space.sh4,hxxp://94[.]154[.]43[.]70/hiddenbin/Space[.]sh4,url,malware_download,,,,,,,2026-07-14 07:09:19 UTC,URLhaus,https://urlhaus.abuse.ch/url/3886208/
,,,http://94.154.43.70/hiddenbin/Space.sparc,hxxp://94[.]154[.]43[.]70/hiddenbin/Space[.]sparc,url,malware_download,,,,,,,2026-07-14 07:09:19 UTC,URLhaus,https://urlhaus.abuse.ch/url/3886209/
,,,http://94.154.43.70/hiddenbin/Space.ppc,hxxp://94[.]154[.]43[.]70/hiddenbin/Space[.]ppc,url,malware_download,,,,,,,2026-07-14 07:09:19 UTC,URLhaus,https://urlhaus.abuse.ch/url/3886210/
,,,http://94.154.43.70/hiddenbin/Space.mips64,hxxp://94[.]154[.]43[.]70/hiddenbin/Space[.]mips64,url,malware_download,,,,,,,2026-07-14 07:09:19 UTC,URLhaus,https://urlhaus.abuse.ch/url/3886211/
,,,http://94.154.43.70/hiddenbin/Space.mips,hxxp://94[.]154[.]43[.]70/hiddenbin/Space[.]mips,url,malware_download,,,,,,,2026-07-14 07:09:19 UTC,URLhaus,https://urlhaus.abuse.ch/url/3886212/
,,,http://94.154.43.70/hiddenbin/Space.m68k,hxxp://94[.]154[.]43[.]70/hiddenbin/Space[.]m68k,url,malware_download,,,,,,,2026-07-14 07:09:19 UTC,URLhaus,https://urlhaus.abuse.ch/url/3886213/
,,,http://192.236.217.68/65/exa/wegivenbestthingsaroundthecglogablforengaaged.hta,hxxp://192[.]236[.]217[.]68/65/exa/wegivenbestthingsaroundthecglogablforengaaged[.]hta,url,malware_download,,,,,,,2026-07-14 07:03:14 UTC,URLhaus,https://urlhaus.abuse.ch/url/3886198/
,,,http://182.113.222.145:54243/i,hxxp://182[.]113[.]222[.]145:54243/i,url,malware_download,,,,,,,2026-07-14 07:02:42 UTC,URLhaus,https://urlhaus.abuse.ch/url/3886197/
,,,https://pub-be36e3aeb6404712971f081a2837a8fa.r2.dev/hakuna.png,hxxps://pub-be36e3aeb6404712971f081a2837a8fa[.]r2[.]dev/hakuna[.]png,url,malware_download,,,,,,,2026-07-14 07:02:20 UTC,URLhaus,https://urlhaus.abuse.ch/url/3886196/
,,,https://pub-556e12d7b27c4eefad584f5b94bdff69.r2.dev/lazit.png,hxxps://pub-556e12d7b27c4eefad584f5b94bdff69[.]r2[.]dev/lazit[.]png,url,malware_download,,,,,,,2026-07-14 07:02:18 UTC,URLhaus,https://urlhaus.abuse.ch/url/3886195/
,,,https://pub-acc3946ba34b4465b2606bf635365817.r2.dev/chivas.png,hxxps://pub-acc3946ba34b4465b2606bf635365817[.]r2[.]dev/chivas[.]png,url,malware_download,,,,,,,2026-07-14 07:02:15 UTC,URLhaus,https://urlhaus.abuse.ch/url/3886194/
,,,http://115.55.216.4:33318/i,hxxp://115[.]55[.]216[.]4:33318/i,url,malware_download,,,,,,,2026-07-14 07:01:19 UTC,URLhaus,https://urlhaus.abuse.ch/url/3886193/
,,,http://94.154.43.70/1.sh,hxxp://94[.]154[.]43[.]70/1[.]sh,url,malware_download,,,,,,,2026-07-14 06:57:41 UTC,URLhaus,https://urlhaus.abuse.ch/url/3886188/
,,,http://94.154.43.70/hiddenbin/zombie.mpsl,hxxp://94[.]154[.]43[.]70/hiddenbin/zombie[.]mpsl,url,malware_download,,,,,,,2026-07-14 06:57:41 UTC,URLhaus,https://urlhaus.abuse.ch/url/3886189/
,,,http://94.154.43.70/hiddenbin/zombie.x86_64,hxxp://94[.]154[.]43[.]70/hiddenbin/zombie[.]x86_64,url,malware_download,,,,,,,2026-07-14 06:57:41 UTC,URLhaus,https://urlhaus.abuse.ch/url/3886190/
,,,http://94.154.43.70/hiddenbin/zombie.mips,hxxp://94[.]154[.]43[.]70/hiddenbin/zombie[.]mips,url,malware_download,,,,,,,2026-07-14 06:57:41 UTC,URLhaus,https://urlhaus.abuse.ch/url/3886191/
,,,http://94.154.43.70/hiddenbin/zombie.arm6,hxxp://94[.]154[.]43[.]70/hiddenbin/zombie[.]arm6,url,malware_download,,,,,,,2026-07-14 06:57:41 UTC,URLhaus,https://urlhaus.abuse.ch/url/3886192/
,,,http://94.154.43.70/hiddenbin/zombie.ppc,hxxp://94[.]154[.]43[.]70/hiddenbin/zombie[.]ppc,url,malware_download,,,,,,,2026-07-14 06:57:38 UTC,URLhaus,https://urlhaus.abuse.ch/url/3886187/
,,,http://94.154.43.70/hiddenbin/zombie.m68k,hxxp://94[.]154[.]43[.]70/hiddenbin/zombie[.]m68k,url,malware_download,,,,,,,2026-07-14 06:57:31 UTC,URLhaus,https://urlhaus.abuse.ch/url/3886179/
,,,http://94.154.43.70/hiddenbin/zombie.x86,hxxp://94[.]154[.]43[.]70/hiddenbin/zombie[.]x86,url,malware_download,,,,,,,2026-07-14 06:57:31 UTC,URLhaus,https://urlhaus.abuse.ch/url/3886180/
,,,http://94.154.43.70/hiddenbin/zombie.arm7,hxxp://94[.]154[.]43[.]70/hiddenbin/zombie[.]arm7,url,malware_download,,,,,,,2026-07-14 06:57:31 UTC,URLhaus,https://urlhaus.abuse.ch/url/3886181/
,,,http://94.154.43.70/hiddenbin/zombie.arm5,hxxp://94[.]154[.]43[.]70/hiddenbin/zombie[.]arm5,url,malware_download,,,,,,,2026-07-14 06:57:31 UTC,URLhaus,https://urlhaus.abuse.ch/url/3886182/
,,,http://94.154.43.70/hiddenbin/zombie.i686,hxxp://94[.]154[.]43[.]70/hiddenbin/zombie[.]i686,url,malware_download,,,,,,,2026-07-14 06:57:31 UTC,URLhaus,https://urlhaus.abuse.ch/url/3886183/
,,,http://94.154.43.70/hiddenbin/zombie.arm,hxxp://94[.]154[.]43[.]70/hiddenbin/zombie[.]arm,url,malware_download,,,,,,,2026-07-14 06:57:31 UTC,URLhaus,https://urlhaus.abuse.ch/url/3886184/
,,,http://94.154.43.70/hiddenbin/zombie.spc,hxxp://94[.]154[.]43[.]70/hiddenbin/zombie[.]spc,url,malware_download,,,,,,,2026-07-14 06:57:31 UTC,URLhaus,https://urlhaus.abuse.ch/url/3886185/
,,,http://94.154.43.70/hiddenbin/zombie.sh4,hxxp://94[.]154[.]43[.]70/hiddenbin/zombie[.]sh4,url,malware_download,,,,,,,2026-07-14 06:57:31 UTC,URLhaus,https://urlhaus.abuse.ch/url/3886186/
,,,http://198.23.144.23/130/euv/givemebestthignswithgreatoptionsforme.hta,hxxp://198[.]23[.]144[.]23/130/euv/givemebestthignswithgreatoptionsforme[.]hta,url,malware_download,,,,,,,2026-07-14 06:57:12 UTC,URLhaus,https://urlhaus.abuse.ch/url/3886178/
,,,https://17eqwy30.takhtenard.app/?ublib=93e9125e-0384-44f9-b638-0a32e5108951,hxxps://17eqwy30[.]takhtenard[.]app/?ublib=93e9125e-0384-44f9-b638-0a32e5108951,url,malware_download,,,,,,,2026-07-14 06:55:19 UTC,URLhaus,https://urlhaus.abuse.ch/url/3886177/
,,,http://94.154.43.51/main_x86_64,hxxp://94[.]154[.]43[.]51/main_x86_64,url,malware_download,,,,,,,2026-07-14 06:54:44 UTC,URLhaus,https://urlhaus.abuse.ch/url/3886176/
,,,http://94.154.43.51/main_x86,hxxp://94[.]154[.]43[.]51/main_x86,url,malware_download,,,,,,,2026-07-14 06:54:43 UTC,URLhaus,https://urlhaus.abuse.ch/url/3886175/
,,,http://94.154.43.51/dlr.arm,hxxp://94[.]154[.]43[.]51/dlr[.]arm,url,malware_download,,,,,,,2026-07-14 06:53:36 UTC,URLhaus,https://urlhaus.abuse.ch/url/3886154/
,,,http://94.154.43.51/main_arm,hxxp://94[.]154[.]43[.]51/main_arm,url,malware_download,,,,,,,2026-07-14 06:53:36 UTC,URLhaus,https://urlhaus.abuse.ch/url/3886155/
,,,http://94.154.43.51/main_m68k,hxxp://94[.]154[.]43[.]51/main_m68k,url,malware_download,,,,,,,2026-07-14 06:53:36 UTC,URLhaus,https://urlhaus.abuse.ch/url/3886156/
,,,http://94.154.43.51/main_ppc,hxxp://94[.]154[.]43[.]51/main_ppc,url,malware_download,,,,,,,2026-07-14 06:53:36 UTC,URLhaus,https://urlhaus.abuse.ch/url/3886157/
,,,http://94.154.43.51/dlr.m68k,hxxp://94[.]154[.]43[.]51/dlr[.]m68k,url,malware_download,,,,,,,2026-07-14 06:53:36 UTC,URLhaus,https://urlhaus.abuse.ch/url/3886158/
,,,http://94.154.43.51/dlr.arm5,hxxp://94[.]154[.]43[.]51/dlr[.]arm5,url,malware_download,,,,,,,2026-07-14 06:53:36 UTC,URLhaus,https://urlhaus.abuse.ch/url/3886159/
,,,http://94.154.43.51/main_arm7,hxxp://94[.]154[.]43[.]51/main_arm7,url,malware_download,,,,,,,2026-07-14 06:53:36 UTC,URLhaus,https://urlhaus.abuse.ch/url/3886160/
,,,http://94.154.43.51/dlr.x86,hxxp://94[.]154[.]43[.]51/dlr[.]x86,url,malware_download,,,,,,,2026-07-14 06:53:36 UTC,URLhaus,https://urlhaus.abuse.ch/url/3886161/
,,,http://94.154.43.51/dlr.spc,hxxp://94[.]154[.]43[.]51/dlr[.]spc,url,malware_download,,,,,,,2026-07-14 06:53:36 UTC,URLhaus,https://urlhaus.abuse.ch/url/3886162/
,,,http://94.154.43.51/dlr.arm7,hxxp://94[.]154[.]43[.]51/dlr[.]arm7,url,malware_download,,,,,,,2026-07-14 06:53:36 UTC,URLhaus,https://urlhaus.abuse.ch/url/3886163/
,,,http://94.154.43.51/dlr.arm6,hxxp://94[.]154[.]43[.]51/dlr[.]arm6,url,malware_download,,,,,,,2026-07-14 06:53:36 UTC,URLhaus,https://urlhaus.abuse.ch/url/3886164/
,,,http://94.154.43.51/dlr.sh4,hxxp://94[.]154[.]43[.]51/dlr[.]sh4,url,malware_download,,,,,,,2026-07-14 06:53:36 UTC,URLhaus,https://urlhaus.abuse.ch/url/3886165/
,,,http://94.154.43.51/main_mpsl,hxxp://94[.]154[.]43[.]51/main_mpsl,url,malware_download,,,,,,,2026-07-14 06:53:36 UTC,URLhaus,https://urlhaus.abuse.ch/url/3886166/
,,,http://94.154.43.51/dlr.mpsl,hxxp://94[.]154[.]43[.]51/dlr[.]mpsl,url,malware_download,,,,,,,2026-07-14 06:53:36 UTC,URLhaus,https://urlhaus.abuse.ch/url/3886167/
,,,http://94.154.43.51/dlr.mips,hxxp://94[.]154[.]43[.]51/dlr[.]mips,url,malware_download,,,,,,,2026-07-14 06:53:36 UTC,URLhaus,https://urlhaus.abuse.ch/url/3886168/
,,,http://94.154.43.51/dlr.ppc,hxxp://94[.]154[.]43[.]51/dlr[.]ppc,url,malware_download,,,,,,,2026-07-14 06:53:36 UTC,URLhaus,https://urlhaus.abuse.ch/url/3886169/
,,,http://94.154.43.51/main_arm6,hxxp://94[.]154[.]43[.]51/main_arm6,url,malware_download,,,,,,,2026-07-14 06:53:36 UTC,URLhaus,https://urlhaus.abuse.ch/url/3886170/
,,,http://94.154.43.51/main_arm5,hxxp://94[.]154[.]43[.]51/main_arm5,url,malware_download,,,,,,,2026-07-14 06:53:36 UTC,URLhaus,https://urlhaus.abuse.ch/url/3886171/
,,,http://94.154.43.51/main_mips,hxxp://94[.]154[.]43[.]51/main_mips,url,malware_download,,,,,,,2026-07-14 06:53:36 UTC,URLhaus,https://urlhaus.abuse.ch/url/3886172/
,,,http://94.154.43.51/debug.dbg,hxxp://94[.]154[.]43[.]51/debug[.]dbg,url,malware_download,,,,,,,2026-07-14 06:53:36 UTC,URLhaus,https://urlhaus.abuse.ch/url/3886173/
,,,http://94.154.43.51/main_sh4,hxxp://94[.]154[.]43[.]51/main_sh4,url,malware_download,,,,,,,2026-07-14 06:53:36 UTC,URLhaus,https://urlhaus.abuse.ch/url/3886174/
,,,http://188.232.76.68:20238/i,hxxp://188[.]232[.]76[.]68:20238/i,url,malware_download,,,,,,,2026-07-14 06:52:48 UTC,URLhaus,https://urlhaus.abuse.ch/url/3886153/
,,,http://219.155.211.71:55862/i,hxxp://219[.]155[.]211[.]71:55862/i,url,malware_download,,,,,,,2026-07-14 06:52:22 UTC,URLhaus,https://urlhaus.abuse.ch/url/3886152/
,,,http://94.154.43.88/bins/txkjolgzu.arm5,hxxp://94[.]154[.]43[.]88/bins/txkjolgzu[.]arm5,url,malware_download,,,,,,,2026-07-14 06:49:35 UTC,URLhaus,https://urlhaus.abuse.ch/url/3886145/
,,,http://94.154.43.88/bins/nvephtfwk,hxxp://94[.]154[.]43[.]88/bins/nvephtfwk,url,malware_download,,,,,,,2026-07-14 06:49:35 UTC,URLhaus,https://urlhaus.abuse.ch/url/3886146/
,,,http://94.154.43.88/bins/nvwrudmsi,hxxp://94[.]154[.]43[.]88/bins/nvwrudmsi,url,malware_download,,,,,,,2026-07-14 06:49:35 UTC,URLhaus,https://urlhaus.abuse.ch/url/3886147/
,,,http://94.154.43.88/bins/txkjolgzu.arm6,hxxp://94[.]154[.]43[.]88/bins/txkjolgzu[.]arm6,url,malware_download,,,,,,,2026-07-14 06:49:35 UTC,URLhaus,https://urlhaus.abuse.ch/url/3886148/
,,,http://94.154.43.88/bins/ikydgrvum,hxxp://94[.]154[.]43[.]88/bins/ikydgrvum,url,malware_download,,,,,,,2026-07-14 06:49:35 UTC,URLhaus,https://urlhaus.abuse.ch/url/3886149/
,,,http://94.154.43.88/bins/abzutimdw,hxxp://94[.]154[.]43[.]88/bins/abzutimdw,url,malware_download,,,,,,,2026-07-14 06:49:35 UTC,URLhaus,https://urlhaus.abuse.ch/url/3886150/
,,,http://94.154.43.88/bins/lkchngqsu,hxxp://94[.]154[.]43[.]88/bins/lkchngqsu,url,malware_download,,,,,,,2026-07-14 06:49:35 UTC,URLhaus,https://urlhaus.abuse.ch/url/3886151/
,,,http://94.154.43.88/bins/txkjolgzu.arm,hxxp://94[.]154[.]43[.]88/bins/txkjolgzu[.]arm,url,malware_download,,,,,,,2026-07-14 06:49:34 UTC,URLhaus,https://urlhaus.abuse.ch/url/3886144/
,,,http://61.52.72.136:50524/bin.sh,hxxp://61[.]52[.]72[.]136:50524/bin[.]sh,url,malware_download,,,,,,,2026-07-14 06:47:45 UTC,URLhaus,https://urlhaus.abuse.ch/url/3886143/
,,,http://110.36.3.201:35761/bin.sh,hxxp://110[.]36[.]3[.]201:35761/bin[.]sh,url,malware_download,,,,,,,2026-07-14 06:45:29 UTC,URLhaus,https://urlhaus.abuse.ch/url/3886142/
,,,http://112.239.120.131:39996/i,hxxp://112[.]239[.]120[.]131:39996/i,url,malware_download,,,,,,,2026-07-14 06:44:38 UTC,URLhaus,https://urlhaus.abuse.ch/url/3886141/
,,,http://94.154.43.73/main_mpsl,hxxp://94[.]154[.]43[.]73/main_mpsl,url,malware_download,,,,,,,2026-07-14 06:44:25 UTC,URLhaus,https://urlhaus.abuse.ch/url/3886134/
,,,http://94.154.43.73/bot.arm,hxxp://94[.]154[.]43[.]73/bot[.]arm,url,malware_download,,,,,,,2026-07-14 06:44:25 UTC,URLhaus,https://urlhaus.abuse.ch/url/3886135/
,,,http://94.154.43.73/main_arm,hxxp://94[.]154[.]43[.]73/main_arm,url,malware_download,,,,,,,2026-07-14 06:44:25 UTC,URLhaus,https://urlhaus.abuse.ch/url/3886136/
,,,http://94.154.43.73/main_arm7,hxxp://94[.]154[.]43[.]73/main_arm7,url,malware_download,,,,,,,2026-07-14 06:44:25 UTC,URLhaus,https://urlhaus.abuse.ch/url/3886137/
,,,http://94.154.43.73/main_x64,hxxp://94[.]154[.]43[.]73/main_x64,url,malware_download,,,,,,,2026-07-14 06:44:25 UTC,URLhaus,https://urlhaus.abuse.ch/url/3886138/
,,,http://94.154.43.73/main_aarch64,hxxp://94[.]154[.]43[.]73/main_aarch64,url,malware_download,,,,,,,2026-07-14 06:44:25 UTC,URLhaus,https://urlhaus.abuse.ch/url/3886139/
,,,http://94.154.43.73/main_mips,hxxp://94[.]154[.]43[.]73/main_mips,url,malware_download,,,,,,,2026-07-14 06:44:25 UTC,URLhaus,https://urlhaus.abuse.ch/url/3886140/
,,,http://94.154.43.73/bot.x86_64,hxxp://94[.]154[.]43[.]73/bot[.]x86_64,url,malware_download,,,,,,,2026-07-14 06:43:39 UTC,URLhaus,https://urlhaus.abuse.ch/url/3886131/
,,,http://94.154.43.73/bot.mipsel,hxxp://94[.]154[.]43[.]73/bot[.]mipsel,url,malware_download,,,,,,,2026-07-14 06:43:39 UTC,URLhaus,https://urlhaus.abuse.ch/url/3886132/
,,,http://94.154.43.73/bot.mips,hxxp://94[.]154[.]43[.]73/bot[.]mips,url,malware_download,,,,,,,2026-07-14 06:43:39 UTC,URLhaus,https://urlhaus.abuse.ch/url/3886133/
,,,http://94.154.43.73/bot.aarch64,hxxp://94[.]154[.]43[.]73/bot[.]aarch64,url,malware_download,,,,,,,2026-07-14 06:43:29 UTC,URLhaus,https://urlhaus.abuse.ch/url/3886130/
,,,http://182.113.222.145:54243/bin.sh,hxxp://182[.]113[.]222[.]145:54243/bin[.]sh,url,malware_download,,,,,,,2026-07-14 06:39:34 UTC,URLhaus,https://urlhaus.abuse.ch/url/3886129/
,,,https://cwkw.site-shartbandi-bedun-filter.com/49137bbe-989c-4e10-a119-ed9c4c9f8734,hxxps://cwkw[.]site-shartbandi-bedun-filter[.]com/49137bbe-989c-4e10-a119-ed9c4c9f8734,url,malware_download,,,,,,,2026-07-14 06:25:17 UTC,URLhaus,https://urlhaus.abuse.ch/url/3886128/
,,,https://ghyrtamr.plinko-1xbet.games/d455844f-93ac-4a94-bd62-adccf27b15ef,hxxps://ghyrtamr[.]plinko-1xbet[.]games/d455844f-93ac-4a94-bd62-adccf27b15ef,url,malware_download,,,,,,,2026-07-14 06:20:18 UTC,URLhaus,https://urlhaus.abuse.ch/url/3886127/
,,,https://yliw.site-asli-bedon-filter-1xbet.com/5d6be428-cb4e-4ac2-91bb-c6afd66179ef,hxxps://yliw[.]site-asli-bedon-filter-1xbet[.]com/5d6be428-cb4e-4ac2-91bb-c6afd66179ef,url,malware_download,,,,,,,2026-07-14 06:15:17 UTC,URLhaus,https://urlhaus.abuse.ch/url/3886125/
,,,https://tdzfnvda.plinko-1xbet.games/d8adcf01-928e-45e0-9da3-6b60aff918ba,hxxps://tdzfnvda[.]plinko-1xbet[.]games/d8adcf01-928e-45e0-9da3-6b60aff918ba,url,malware_download,,,,,,,2026-07-14 06:15:17 UTC,URLhaus,https://urlhaus.abuse.ch/url/3886126/
,,,http://115.56.65.191:43676/bin.sh,hxxp://115[.]56[.]65[.]191:43676/bin[.]sh,url,malware_download,,,,,,,2026-07-14 06:12:32 UTC,URLhaus,https://urlhaus.abuse.ch/url/3886124/
,,,http://125.40.153.82:45244/i,hxxp://125[.]40[.]153[.]82:45244/i,url,malware_download,,,,,,,2026-07-14 06:10:32 UTC,URLhaus,https://urlhaus.abuse.ch/url/3886123/
,,,http://125.44.56.240:34717/i,hxxp://125[.]44[.]56[.]240:34717/i,url,malware_download,,,,,,,2026-07-14 06:02:14 UTC,URLhaus,https://urlhaus.abuse.ch/url/3886122/
,,,http://123.9.198.83:40146/i,hxxp://123[.]9[.]198[.]83:40146/i,url,malware_download,,,,,,,2026-07-14 06:02:13 UTC,URLhaus,https://urlhaus.abuse.ch/url/3886121/
,,,https://ucpwcpfl.jadoou.lat/ef491f20-6343-451b-ba7d-c345a63aafda,hxxps://ucpwcpfl[.]jadoou[.]lat/ef491f20-6343-451b-ba7d-c345a63aafda,url,malware_download,,,,,,,2026-07-14 05:55:20 UTC,URLhaus,https://urlhaus.abuse.ch/url/3886120/
,,,http://42.224.69.116:43247/i,hxxp://42[.]224[.]69[.]116:43247/i,url,malware_download,,,,,,,2026-07-14 05:39:24 UTC,URLhaus,https://urlhaus.abuse.ch/url/3886119/
,,,http://103.134.117.13:60770/i,hxxp://103[.]134[.]117[.]13:60770/i,url,malware_download,,,,,,,2026-07-14 05:37:24 UTC,URLhaus,https://urlhaus.abuse.ch/url/3886118/
,,,http://182.118.246.69:45869/i,hxxp://182[.]118[.]246[.]69:45869/i,url,malware_download,,,,,,,2026-07-14 05:36:28 UTC,URLhaus,https://urlhaus.abuse.ch/url/3886117/
,,,http://123.9.198.83:40146/bin.sh,hxxp://123[.]9[.]198[.]83:40146/bin[.]sh,url,malware_download,,,,,,,2026-07-14 05:36:14 UTC,URLhaus,https://urlhaus.abuse.ch/url/3886116/
,,,http://109.236.46.199:38124/i,hxxp://109[.]236[.]46[.]199:38124/i,url,malware_download,,,,,,,2026-07-14 05:31:28 UTC,URLhaus,https://urlhaus.abuse.ch/url/3886115/
